No.,Subject,Grade,Year,Publisher,Type,Lesson,Tittle,Content
D001,國語,6下,91,國立編譯館,text,1,生活處處美,"生活處處美

餐桌上的美人
晚餐時媽媽做了她的拿手好菜—糖醋里肌,材料除了裹粉油炸成金黃色的瘦肉,還有鮮綠的青椒、澄黃的鳳梨片和勾芡的紅色番茄醬甜汁。四溢的香味、漂亮的顏色,以及盤子上一朵蝴蝶蘭的修飾,真是賞心悅目,引得我們食指大動。而酸酸甜甜、滑滑嫩嫩的滋味,讓每個人忍不住都多吃了一碗飯,連想要減肥的姊姊也不例外。爸爸說:「媽媽今天做的糖醋里肌,可說是我們家餐桌上的大美人。」媽媽笑著問:「那我是什麼?」「當然是我們家永遠的第一美人!」

把雲朵穿在身上
老師穿了一件新衣裳，底色是晶瑩的藍，不規則的白色色塊很藝術的點綴著。上課時老師顯得分外有精神,不但笑容甜美,而且聲音清亮,都聽得很入迷。下課時,毛毛問我:「你有沒有覺得老師今天特別好看?」我說:「對呀!」「為什麼呢?」毛毛又問。我還來不及回答,玲瓏已經接話:「因為老師把雲朵穿在身上啊!」

天天和花相遇
放學回家,發現客廳茶几上有一金新插的花。淡淡的香氣,是香水百合散發出來的。是媽媽的傑作嗎?媽媽說:「你姊姊在學插花,成果很不錯吧?」姊姊開心的說:「上個月,我們辦公室有人送來一盆花,大家的工作情緒就突然變得高昂起來。我因此想到,如果讓我們天天和花相遇,讓家裡增添一點新鮮的色彩和芬芳的香氣,家裡的情調就會更美好。」「天天和花相遇?」爸爸稱讚姊姊:「你也可以寫詩了。」

腳踏車是爸爸的臉
爸爸又在擦洗他那二輪寶車。每一星期,爸爸總有幾天要擦一擦他那輛寶貝腳踏車。媽媽打趣的說:「那是你的寶貝!你才這麼照顧它。」爸爸笑嘻嘻的回應:「不對,不對,龍龍才是我的寶貝。這輛腳踏車啊,是我的臉。」腳踏車是爸爸的臉?這怎麼說呢?「你想,車是我的,它亮晃晃的多好看!我騎在上面也顯得有精神。別人看到我的車,就想到我的人,那該多有面子，所以說它是我的臉啊!」這麼說來,我的寶貝鉛筆盒,也是我的臉了?"
D002,國語,6下,91,國立編譯館,text,2,梅樹飄香,"五十多年前的一天,天上飄著細雨,李梅樹走出三峽民生街李家老宅,穿過街旁的小巷,走向祖師廟。這座庇護三峽移民兩百多年的祖師廟,最早是在清乾隆年間蓋的,先後已經重建過兩次。這回地方父老請他主持整修祖師廟,以目前殘破的程度,實在不是重修就能解決的;但是如果回拒了這件事,又覺得對不起地方父老,實在有點拿不定主意。
李梅樹回想起小時候,三天兩頭就往這裡跑,在廟前廣場上玩耍。遇到整修廟宇的時候,他經常會忘了玩耍,凝神看著師傅雕刻,一塊塊平淡無奇的木頭,在師傅的一雕一鑿下,桃園三結義、曹操大宴銅雀臺、岳母刺精忠等歷史故事,就活生生的展現在眼前。那時候,他總希望有一天能把這些歷史人物好好的畫下來。

經過深思熟慮後,李梅樹接受了這份艱辛的付託。為了長久之計,他捨棄不耐保存的傳統彩繪,堅持全用雕刻,以石為柱,以木為頂,修築一座具有特色的精緻廟宇。為了保存民間工藝,李梅樹找了不少優良匠師和雕刻能手,他的作品各具風貌,對創作也各有主張。受過嚴格藝術訓練的梅樹,有一次,為了指導匠師雕刻石獅子,用家裡擺設的獅子為範本,親自花了兩個月的時間鑿成初坏,再請人修光,師傅看了,對李梅樹的藝術才華心服口服。李梅樹希望祖師廟裡鳥獸的造型不要重複,雕刻中殿的柱子「百鳥朝梅」時,連百科全書都拿來參考。師傅常自豪的說,廟裡所雕的鳥獸種類,可說是「有鳥雕到沒鳥,有獸雕到沒獸」了。

雕刻祖師廟的每一根石柱,花費的時間大約需一千個工作天，尤其中殿前面的六對柱子,光是透刻的深度就多達三、四層,最為精彩,倍見巧思。為求確保工作品質,李梅樹嚴格要求匠師住在廟邊的工寮裡。參與的師傅,多少有些更换,但是一待三、四十年,在木石塵屑飛揚中,度過半生歲月的,也大有人在,所以能使三峽祖師廟擁有「東方雕刻藝術殿堂」的美譽。

如今半個世紀過去,原先斑剝殘破、老舊不堪的祖師廟,經過精雕細琢,重建後的中殿變得金碧輝煌。同樣三峽人民心靈的虔誠寄託,同樣是祖師爺住的地方,在李梅發願保存傳統雕刻藝術精神下,祖師廟又多了幾分雕刻的氣勢。來到三峽的觀光人潮,沒有不到祖師廟的;而遊客的目光,也沒有不被這座藝術殿堂吸引住的。
在暮色裡,望著中殿那根「百鳥朝梅」的石雕柱子,仿佛又看到李梅樹的身影,像一株飄香的梅樹,佇立在晚風中。"
D003,國語,6下,91,國立編譯館,text,3,胸有丘壑張大千,"胸有丘壑張大千

一襲長袍,一把長長的鬍鬚,張大千在護士小姐扶持下,顫巍巍的來到那幅巨大的畫稿前，準備再次奮力揮毫,將心中紫繞不止的一幕幕山水景物畫出來。平日心愛的黑猿,歡喜的在窗外探頭探腦,仿佛也都期待著主人早日完成這幅國畫史上的空前巨作—廬山圖。

已經一年半了,八十三歲的張大千一有機會就畫,竭力向這幅世界最大的絹畫進軍,向自己體力和繪畫功力挑戰!這幅廬山圖足足有一百八十公分高,十公尺又八十公分長,細絹的畫布訂在一個特製的大畫板上。由於畫板太大,每當畫到上部的景物時,得要爬上畫桌,跪在上面,才搆得著。張大千常常畫到頭昏眼花,必須立刻含上一顆心臟急救藥片,才緩得過氣來。然而每次一提起筆,他便渾然忘記了一切,只覺得畢生所見的山石煙雲、飛瀑流泉,全都在胸中激盪不已，非得要趕緊讓它們從筆尖流瀉出來才行。

張大千的畫筆有很多種,作畫的方法也每次不同。有時候他先打濕畫面,看準方位後將整盤直接潑去,再用一枝像拖把般的大筆來引導,布置輪廓。有時候他在乾了的墨塊上再潑石青、石綠等顏料,或者濃淡不同的墨汁,一層層的渲染出層次和光影。有時候他又緊握細緻的小楷筆,一筆一畫的勾勒岩石、古樹、小徑、屋宇。不論是氣勢磅礴的大筆揮灑,或者精雕細琢的工筆刻畫,都蘊含著他一生所累積的種種工夫。他早年下苦功描摹各家古畫,甚至舉家遠走敦煌兩年半,在荒漠中日以繼夜的臨摹佛窟壁畫。後來長期居住海外,遍訪歐洲各國,廣泛吸收西方抽象畫的技巧。他巧妙的將西畫的長處融入國畫裡,開創出獨特的潑墨、潑彩手法，這一切的工夫和手法貫通於心胸,流注到筆端。廬山圖中的山水,筆筆有來歷,也筆筆皆獨創。

就這樣,或潑或寫,或描或染,張大千換過了大小畫筆,融合了各種畫風,將廬山的風景一一收納到畫布上去。奇妙的是,他平生踏遍名山大川,常說:「讀萬卷書,行萬里路,胸中有了丘壑,下筆自然有所依據。」然而這一座他了無數精力畫出的廬山,他卻未曾去過。也是想要藉此告訴世人,他一生繪畫山水,所用的不只是毛筆,更是他的心、他的生命吧。
"
D004,國語,6下,91,國立編譯館,text,4,天涯若比鄰 ,"你有沒有想過:當你正興高采烈的和同學玩耍時,在地球遙遠的另一端,那兒的小朋友還沉睡在夢鄉中呢!當你炎炎夏日在海濱游泳時,地球其他地方的小朋友,卻忙著打雪 仗、堆雪人。儘管我們居住的國家不同,膚色、語言、穿著、打扮、生活習慣也各異其趣,但是所有的人都有一個共同點—「我們都生活在這個地球上。 
在從前交通電信不發達的時代,講到出國仿佛是到另一個星球,真是困難重重。但是隨著科技的高度發展,交通工具的日新月異,東西半球間的距離似乎愈來愈近,人與人之間的接觸也愈來愈頻繁。每天翻開報紙,打開電視,國際上發生的種種新聞,常常使我們有置身萬花筒中的感覺。昨天才在巴黎流行的時裝,也許今天就會在臺北街頭出現。感覺上我們居住的這個地球,好像變得愈來愈小,再加上出國觀光旅遊的人數與日俱增,和各國人民接觸的機會,也愈來愈多,原本遙遠、陌生的國家,變得像隔壁鄰居一樣的熟悉, 真可稱得上是「天涯若比鄰」。 
許許多多國家有趣的生活習慣與禮儀,不僅擴充了我們的國際視野,也增廣了我們的見聞。在飲食習慣方面,像講究時間和效率的美國人,典型的飲食就是速食,其中最受歡 的食品,便是大家熟知的熱狗、漢堡和甜甜圈等;法國人最愛吃乳酪，平均每人每年要消費二十公斤的乳酪;韓國人則是三餐都離不開酸辣的泡菜,每到深秋時節,家家戶戶生活中的大事，便是醃製泡菜。而講究禮節的日本人,是最注重鞠躬的民族,一位電梯服務員說,他平均一天要鞠躬兩千五百六十次。泰國人則認為頭顱是最高貴的,外人不能隨便觸摸,所以理髮師為顧客理髮前,還得先說一聲「對不起」。這些各具特色的風俗習慣,使得這個世界更為繽紛多彩。 

然而同樣生活在這個世界,人們所過的生活卻有著天壤之別。先進富裕的國家,人民過著安定舒適的現代生活,吃得好,穿得好,享受生活方面各種充裕的設備,但落後貧窮 
家,人民卻生活在疾病、飢餓和人口過剩的威脅中。他們在髒亂擁擠的環境中,從來喝不到清潔的水,也沒有填飽過肚子,導致營養不良,疾病纏身。加上醫療設備落後,醫 少護人員嚴重不足,要看醫生談何容易,例如在非洲的衣索匹亞,每七萬人才有一個醫生,而在英國每八百個人就有一個醫生。這些國家急待我們伸出援手,尤其是富有的國家,應該幫助貧窮的國家;先進的國家,應該幫助落後的國家,因為我們都是同一個地球上的人。 
在二十一世紀的今天,身為地球村的一員,我們不但應該多吸收國際知識,認識國際禮儀,更應培養世界性的眼光和胸襟,學習以友善的態度,去對待世界各地的人們,讓地 成為更適合人類居住的快樂地方。"
D005,國語,6下,91,國立編譯館,text,5,小故事的啟示,"小故事的啟示
讓路給小鴨子!這是真的嗎?美國鄉村公路上車輛不多,公路兩邊林木茂盛,常會看見小松鼠在林間自在的跑東跑西,爬上爬下;也常看到野鴨三五成群,搖搖擺擺,慢慢踱著方步,悠然自得的穿過公路。而駕駛的人,會自動把車子停下來,讓牠們先走。在美國,讓路給小鴨子是常見的事,愛護小動物,更被他們視為天經地義。
冬天到了,大雪紛飛,寒風怒號,小鳥、野兔幾乎沒有食物可吃。在美國,許多人家就在後院,豎起一個鳥屋,撒一些粟米,給飢寒交迫的鳥兒吃,幫牠們度過艱難的寒冬。有時他們也會丟一些紅蘿蔔在後院裡,兩三天後,紅蘿蔔不見,只見一朵朵梅花般的腳掌印出現在雪地上,顯然野兔已享用過紅蘿蔔大餐了。
在德國的鄉村公路上,有時會看到一些特別的路標,上面畫著鹿或野兔,同時還有些數目字標示,原來這是在告訴開車的人,前面幾公里處有鹿或野兔出沒,要大家小心駕駛,免得傷害到牠們。因此開車的人,會謹慎的、慢慢的駕駛,偶然會從路旁的樹林中,發現奔跑的野鹿,那份驚奇欣喜的心情,又豈是筆墨所能形容!
可曾看過「威鯨闖天關」的電影嗎?片中的主角威利是一條鯨魚,兩歲的時候,在冰島海域被捕獲,經過嚴格的訓練,牠成了墨西哥市海洋公園唯一的表演明星。後來被選為這部影片的主角,牠那又可愛、又逗趣、又有靈性的表演,深深感動了全球觀眾的心。多年來,由於炎熱的天氣和人造海水的化學物質,使牠的健康受到嚴重的破壞。經過多少人的努力,威利終於野放了。回到牠的故鄉冰島海域。在專業人員和保育人士的照顧下,威利的體重增加了近千磅。
在苗栗通霄的海灘,有人發現一隻擱淺的海豚,大家叫牠「阿通伯」。牠又瘦、又弱、又有病,而且遍體鱗傷。發現牠的人費盡九牛二虎之力,把牠送到附近的海洋生態育園區,在工作人員細心的照顧下,經過一段時間的休養，牠的身體終於復原。阿通伯可以野放了,牠要回家了。電視新聞裡播出阿通伯野放的畫面,蔚藍的大海迎接著牠,牠的志工們,依依不捨的含淚跟牠揮手道別,只見牠在起伏的海浪中,時隱時現,漸行漸遠。大家心中默默的為牠祝禱,希望這擱淺在通霄海灘的海豚,能找到牠的同伴,從邀遊大海,重享自由自在的日子。「從這些小故事中,可以讓我們得到一些啟示,那就是在這地球上所有的生物,都跟人類一樣享有平等的生存權利,必須受到應有的尊重。
"
D006,國語,6下,91,國立編譯館,text,6,大地是萬物的家,"大地是萬物的家
夜晚,盜獵者乘坐長長的獨木舟,悄悄的划進沼澤區。船頭的人用手電筒不斷的掃射,發現水面上露出一對紅色的眼睛。他趕緊叫同伴用長篇把船穩住,然後慢慢站起身來,舉槍瞄準那兩眼之間的部位。「砰」的一聲槍響!破寂靜的夜空,水面一陣翻動，他們迅速的把船划了過去，翻轉獵物的身體,熟練的用刀劃開肚皮,把整張鱷魚皮剝了下來。

每年有無數的鱷魚被這些盜獵者殺害,鱷魚皮被運送到皮革製造廠,經過加工處理,最後以時髦的皮包、皮鞋造型,重新出現在各大百貨公司的櫥窗裡。不僅鱷魚如此,其他動物也遭受到同樣的命運,為了滿足人類的需求及喜好,魚翅、熊掌、犀牛角等都成了食補或藥用的材料,貂皮大衣、虎皮地毯、象牙雕刻等,也成了人類裝飾的用品,使得越來越多的野生動物受到了危害。

除了人為的迫害以外,更嚴重的是,近一兩百年來,工業快速發展帶來的嚴重汙染,和人類毫無計畫的砍伐森林改變地貌,都大大破壞了各種動物的生存環境。像臺灣的黑熊就是這樣,過去多年一直被人類不斷的捕殺,連牠們住的山林也一再的被開發,生存的空間越來越小,食物的來源也越來越缺乏。事實上,不僅臺灣地區很多動物面臨絕機,根據調查顯示,全世界瀕臨絕種的動物,多達數千之多。其中我們比較熟悉的,像中國的熊貓、非洲的金錢豹、印度的孟加拉虎等,甚至海洋中體型龐大的藍鯨和灰鯨,由於人類的濫捕濫殺,也遭到絕種的威脅。
野生動物越來越少,對我們人類有什麼影響呢?這些動物不能存活,代表地球的生存環境愈來愈壞,人類的厄運正在開始。也就是說,到了最後,人類也難逃絕種的命運。何況這些動物都是地球的自然資源,必須維持一定的數量。才能代代相傳,生生不息,大自然的生態才能平衡。如果一味的趕盡殺絕,終有一天人類會自食惡果。
慶幸的是,世界各地愛護野生動物的人士,紛紛成立各種組織,展開拯救生態環境和野生動物的工作。成立自然保護區,訂定「野生動物保育法」,讓野生動物和牠們的家能得到照顧,能夠不受打擾的繁殖下一代。我們要知道,任何一種生物從地球上消失,將永遠不會再出現,我們再再也看不到這些可愛的動物了。如果生態遭受到破壞,人類也無法獨生存在地球上。試想地球是我們的家,我們怎能不好好的珍惜它呢?"
D007,國語,6下,91,國立編譯館,text,7,讀書報告,"讀書報告
書名:湯姆歷險記
作者:馬克·吐溫
譯者:蔡洛生
出版者:臺灣英文雜誌社有限公司
出版年月:民國七十七年六月
湯姆歷險記是美國名作家馬克·吐溫的作品。完成於西元一八七六年,是以美國南部密西西比河邊的一個小鎮為背景,寫小頑童湯姆和哈克的故事。

這本書讓我印象最深刻的,莫過於湯姆刷圍牆的那一章。湯姆的母親早逝,他和弟弟跟著溫和善良的波莉姨媽過日子。湯姆是個聰明、勇敢而又頑皮的孩子,他常逃學,跑到河邊游泳、釣魚；躺在在樹下,看藍天白雲做白日夢,日子過得快樂極了。有一次,波莉姨媽真被他氣壞了,下定決心要好好的管管他,罰他在週末做苦工刷圍牆。

「星期六的早晨,陽光燦爛,每一個孩子的臉都笑容洋溢,準備度過快樂的夏日週末。只有湯姆,得提著石灰桶,拿著長柄刷子做苦工。湯姆心中很不甘願,正好他的朋友班,吃著蘋果,一步三跳的走過來。湯姆假裝沒看見他,只是面帶笑容,專心一意的刷牆,這個舉動果然吸引了班的好奇心。他覺得湯姆似乎是在做一件趣的事,於是忍不住請求讓他刷刷看,最後甚至用蘋果來交換這新奇的刷牆工作。結果,要求刷牆孩子一個接一個,湯姆得到的「戰利品」有:風爭、十二顆石彈子、一個洋鐵作的小兵......。湯姆成了一個「大富翁」,更妙的是他不用工作,那道圍牆卻刷得又白又漂亮。

書裡還有一個重要的人物,他就是湯姆的死黨哈克。有一次,哈克提著一隻死貓來找湯姆,說是只要把死貓丟到一個新墳墓上,嘴裡念念咒語,頭上長的熱獅子就會自動掉到地上去。於是，當夜深了,湯姆從窗口溜出來,悄悄的跟哈克到墓地去舉行這種神秘的儀式。誰知道卻在墓地看到到兇殺案,他們真嚇壞了,兩人發誓誰也不能洩漏出去。但是,當湯姆在法庭上看到沒動手殺人的人,被冤枉成殺人犯時,他忍不住上前官舉發真正的兇手,救了那被冤枉的人,湯姆因此成為鎮上的英雄。這正表現出湯姆的勇氣,和好打抱不平的精神。

湯姆歷險記裡最能表現湯姆勇敢、機智、臨危不亂的,是寫他和蓓姬在山洞裡迷路的那一章。那山洞有彎彎曲曲數不清的岔路,就像迷路一樣,如果你不熟悉,在裡面迷了路,哪怕幾天也找不到出口,而湯姆和蓓姬就在這山洞裡迷路了。他們兩人只有一個小蛋糕,還有幾支蠟燭,當湯姆察覺到情況險惡時,他不露聲色的安慰蓓姬,並且節省使用蠟燭,他們在洞裡繞了三天三夜,卻找不到出路。但是湯姆絕不失望,絕不灰心,他想,與其坐著等待救援,不如自己繼續嘗試找出路。最後他終於發現一個出口,當兩人回到鎮上,全鎮的人都歡欣鼓舞，波莉姨媽和蓓姬的母親更是欣喜若狂。因此,湯姆又成了大家心目中的英雄。

讀了湯姆歷險記後，我不但喜歡頑皮又勇敢的湯姆,也喜歡哈克。因為哈克的爸爸是個酒鬼,從來不照顧他,但是他從不為吃不飽、穿不暖而苦惱,他永遠自得其樂。湯姆和哈克都很勇敢,也都充滿冒險的精神。隨著書裡情節的發展,湯姆和哈克成了我內心深處的好朋友。希望有一天,我能到美國南部去遊歷,看看那美麗古老的密西西比河,純樸的小鎮和那美麗的棉花田。更希望我能像湯姆和哈克一樣,無論面對什麼麼艱難、困苦和危險,仍能充滿信心和希望,快樂的生活。
"
D008,國語,6下,91,國立編譯館,text,10,清廉自守的楊震 ,"東漢時代的楊震,是一位品德高尚、學問淵博的人,全國各地慕名而來,向他求教的弟子多達千人。由於他是關西人,所以大家都尊稱他為「關西孔子」。 
有一次,他要到山東的東萊去就任太守,途中經過昌邑縣。昌邑縣的縣令王密,曾經受過楊震的提拔,心存感激, 想要報答他。聽說楊震到了昌邑縣,就在半夜裡捧著十斤黃金來求見楊震。 
王密跪在地上,非常誠懇的說: 「下官昌邑縣令王密,承蒙您的提拔,衷心感激,特地獻上黃金十斤,聊表謝意,希望大人笑納。」 
楊震感到十分驚訝,認為王密實在太不了解他了,連忙說道: 
「王兄,你我也認識多年了,難道你還不知道我的為人嗎?你能當官,是因為你的才幹,並不是因為我的提拔;何況官位是國家的,你犯不著用黃金來答謝我。你這麼做,就是賄賂的行為,已經觸犯國法了。」 
王密一時沒會過意來,以為楊震害怕犯法,不敢接受魄贈,趕忙低聲的說:「現在已經夜闌人靜了,絕對沒有人知道這件事,大人,這只是一份薄禮,您就放心收下吧!」 
楊震聽了,非常生氣,沒有想到王密竟說出這樣的話來,於是板起臉孔,嚴正的說:「這是什麼話?這件事天知道,神知道,我知道,你知道,怎能說沒有人知道?」 
這一番話說得王密面紅耳赤,十分惭愧,只好低著頭立刻告退。 
後人知道了這件事情,敬佩楊震的廉潔可風,特地蓋了一座「四知堂」來表彰他的美德。 
楊震一生,為官清廉,奉公守法,絕不私接賓客,也不取非分之財,僅靠一份微薄的薪俸養家,所以家計十分艱困。他雖然位居高官,可是子孫出門都得步行,沒有車馬代步,三餐吃的是粗茶淡飯,沒有魚肉佐餐。他的長輩和朋友們實在看不過去,都勸他說: 
「你不為自己著想,也該為子孫積點錢財,購置田產, 好讓他們的生活寬裕一些呀!」 
楊震聽了,只是笑笑的說: 「別人留田產給子孫,我可是留清譽給他們,讓後人知道他們是清廉官吏的後代,這樣的遺產還不夠豐厚嗎?」 
在他「清白廉潔」家風的薰陶下,楊震的子孫也都賢能出眾,成為國家的棟梁,受人敬重。"
D009,國語,6下,91,國立編譯館,text,11,求真的伽利略 ,"西元一六O九年初夏,伽利略在威尼斯聽說有人發明了望遠鏡。他便以自己的科學知識為基礎, 弄懂了製作望遠鏡的原理後,馬上動手造了一架。他的望遠鏡可以把東西放大一千倍,拉近三十倍，超越了人類視力的限制。他興奮的把望遠鏡轉向無垠的天空,觀察月亮、銀河以及燦爛的太陽，看到了許多以前的人所不知道的現象:月亮表面凹凸不平,像地球一樣散布著深谷與斷層;銀河並非發光的雲氣,而是由無數星球所組成的;太陽的黑點，無論形狀及大小都變化萬千。 
藉著這些觀察所得與精確的數學計算,伽利略深信之前波蘭學者哥白尼提出的「地動說」—太陽靜止不動,地球與行星圍繞太陽運轉,確是事實，而非一般人認為的數學假設。但在當時,絕大多數的人仍然以為,地球才是宇宙的中心,太陽、月亮和其他的星球都繞著地球轉動。握有強大權勢的天主教會,也以聖經的記載-如「神將地立在根基上,使地永不動搖」等,作為自然界的真理，堅信地球為神所創造,而且是宇宙的中心。 
伽利略才華洋溢,他以生動的方式向大眾介紹望遠鏡,寫了一本名為星星的使者的小書,說明他的發現,而引起大家熱烈的討論,並給他崇高的讚譽。伽利略衷心希望除了天文學家或數學家外,一般的民眾也可以享受這些新知所帶來的喜悅。可是,他的熱情與好意卻為自己帶來天大的災禍。「天主教會漸漸感受到一種強大的壓力,害怕伽利略的言論會動搖教徒的信心。尤其伽利略用親身觀察的方式去理解「上帝創造的自然」,更讓教會惶恐不安。伽利略所持的理由是:造物主既賦予人類感官、理性與聰明才智,就不可能要我們放棄由此得到的知識。他說,如果古代的哲學家，看到我們今日所看到的現象,也一定會做出和我們相同的判斷。同時,他本著對教會的敬愛及對天文學發展趨勢的了解,希望教會能辨別宗教與科學的分際,謹慎的詮釋聖經中與自然真理相違背的章節。 
然而,教會畢竟無法接受他的辯白,教皇還是下令傳訊他到羅馬,接受宗教法庭的審判。他以違逆神的旨意及聖經的教導,被判終身軟禁,在疾病與寂寞中孤獨的死去。不過,他的論證在幾百年後的今天看來,仍舊是屹立不變、顛撲不破的真理。"
D010,國語,6下,91,國立編譯館,text,12,如何追求真理 ,"什麼是「真理」?真理就是宇宙間不變的道理,能變、會變的,就不是真理。真理是無所不在 的,真理讓人類充滿希望,真理讓人生充實美滿, 這就是為什麼有許多人視追求真理為人生最高使命,畢生為追尋真理而奉獻,而犧牲,而不能自已。具體一點說,真理就是真、善、美。科學家的求真,哲學家的求善,藝術家的求美,都是窮一生的力量而努力不懈的。 
但是,追求真理也得有方法,真理與方法好比是目的地與途徑。真理是我們所要到達的目的地,方法則是我們所採行的途徑。途徑走對了,目的地自然也就容易達到了。 
有時候,真理的追求,結果是無法預期的,就像科學家追求自然界的奧秘,並不能預期會發現什 麼。只能以堅毅的態度,正確的方法,不斷的實驗,仔細的觀察,希望得到某些新的發現。天文學家伽利略當初觀察天象時,並未事先預設太陽或地球是宇宙的中心。他依靠自己的雙眼、雙手,如實記錄所觀察到的結果,再利用精密而步驟嚴謹的數學運算,得到真理,讓世人明白地球在宇宙中在的位置。 
伽利略同時代的其他人,大都以權威為評判的標準,放棄本身具有的知識和能力,誤以為掌權者所說的就是不可動搖的真理。他們因為採行了錯誤的途徑,所以永遠無法追求到伽利略所發現的真理。這就像有人想找一條肥美的活魚,卻爬到高高的樹上,撥開一處又一處濃密的枝葉,仔細的尋找一樣。不管他多麼認真,花了多少心力與時間,也還是找不到那條肥美的活魚。因為他用錯了方法, 走錯了方向,愈努力往前走,反而離目標愈遠。 
除了科學家所追求的真理以外,人生道德的完美,則是人類所要追求的另一種真理。孔子的學生曾子,為了追求完美的人格,在他臨死之前,發現自己竟然躺在大夫才能使用的華美席子上,這是違背禮儀的,便急忙命令童僕撤换,結果是等不到床鋪整理好,就已氣絕。他至死都不願違反自己身為士人該守的禮節,以免沾上汙點。東漢時代的楊震,在人生的道路上,所要追求的真理,是清廉知恥,清白傳家,即使家計再困苦,也不願接受非分之財。這些人都是選擇終身實踐的方法,來完成自己追求的真理。 
使用正確的方法,就能得到真理;使用錯誤的方法,真理便隱沒在迷霧中。 "
D011,國語,6下,91,國立編譯館,text,13,乞丐也有出頭天 ,"賴東進出生在乞丐家庭,家裡共有十二個小孩。父親 眼全盲,母親與大弟都是重度智障,全家十四口四處流浪, 靠乞討維生。賴東進身為長子,從小除了必須陪著父親四處行乞,以求得全家溫飽外,更必須肩負起照顧母親及弟妹的責任。他說:「在十歲以前,我們居無定所,我幾乎是在寒風、露水、日晒、大雨中度過童年。樹是我的屋頂,大地是我的床,墳場是我的家。」 
由於每天赤腳行乞,賴東進腳底結了一層厚厚的繭, 堅韌到連踩在玻璃上都刺不破。他嘗盡人間的冷暖,受盡別人的嘲罵,只為求得一家人填飽肚子,活著看見明天的太陽 他說:「我們沒有選擇的權利,別人施捨給我們什麼,我們就吃什麼。有時飯粒掉到地上,撿起來也顧不得髒,還是一樣吞進肚子裡。」 

賴東進直到十歲,才開始讀小學。為了家人的生活,他每天一放學,就得牽著爸爸去行乞,車站前,夜市裡,爸爸 彈著月琴,邊奏邊唱,賴東進在旁邊藉著微弱的路燈餘光, 跪在地上寫功課。每當有人丟下零錢,他得馬上放下筆向人磕頭道謝。雖然地面凹凸不平,燈光又很微弱,但他的字在 班上仍是寫得最好的,翻開作業,每一篇都是甲上。賴東進 說:「不管大街上再吵、再鬧,越是困難,我越覺得讀書時 間的可貴,越是要珍惜。」 
就是這股認真不服輸的精神,小學六年他一共拿了八十幾張獎狀,而且年年當選班長。國中畢業以後,賴東進選擇進入職校,開始半工半讀的生活。在工廠裡他認真學習,從最基層的打雜工,到技術層面的工作,他一點一滴的學, 獲老闆的重視與信任。他說:「我的流浪生活讓我深切 
白,世界上沒有僥倖,只有靠自己的努力,才能獲得生命的一切。」 

賴東進憑著過人的意志,終於闖出一片天空。他從匍匐地上乞討求生的小乞丐,變成擁有員工五十餘人的工長,不僅事業有成,而且家庭美滿,民國八十八年更獲得十大傑出青年的殊榮。在得獎的那一天,他手握著金手獎獎座,眼望著來賓席上智障的母親和大弟,用堅毅的口吻,發表得獎感言,他特別提到:「感謝老天給了我這麼充滿磨練的生活環境、坎坷的際遇,以及我重殘的雙親!我告訴自己,我要做給上天看,不論再怎麼苦,再怎麼不幸,我都能夠走出自己的一條路,為自己開創一片天!」全場的來賓無不被他坎坷的境遇和奮鬥的精神所感動,紛紛起立鼓掌,給予最高的敬意。"
D012,國語,6下,91,國立編譯館,text,14,爺爺和孫子—對口劇 ,"人物:爺爺—七十多歲,住在礁溪的老家。 
家寶—孫子,十二歲,在臺北市讀小學六年級。 
布景:舞臺上只有一桌一椅,背景是單色幕布。 
音樂: 幕啟前,舞臺上播出描述田園生活的輕快音樂,並配上農村動物的叫聲,包括鳥啾啾,雞的喔喔,羊的咩咩。 
(幕啟時,爺爺由舞臺右側進入,解開圍在脖子上的毛巾,抹掉額頭和鼻子上的汗珠,坐在桌邊 的椅子上休息。家寶由舞臺左側進入。) 

家寶:爺爺,您回來啦! 
爺爺:回來啦,回來啦。你怎麼不多睡一會兒? 
家寶:我一聽到雞啼就醒了,想睡也睡不著了。
爺爺:在臺北也是聽到雞啼就起床嗎? 
家寶:臺北哪有雞呀,我們聽的是鬧鐘。 
爺爺:什麼鬧鐘? 
家寶:就是會叫人起床的鐘啊! 
爺爺:早上吃什麼早點?也吃稀飯嗎? 
家寶:早上常常喝豆漿,吃糯米飯糰—爺爺,您那麼早就出門去了,去哪兒呢? 
爺爺:(答非所問)家寶啊,我想來想去,讓你一個人回臺北,我實在不放心。 
家寶:爺爺,您不用擔心。回臺北只要到村口去搭公路車,一個多小時就到了。我前天不也是自己一個人來的嗎? 
爺爺:可是有我在站牌下接你呀! 
家寶:我自己也會看站牌呀!而且我把這裡的地址也寫下來了,不認得路也可以問人啊。
爺爺:好了,好了。就算車子會把你送到臺北,到了臺北誰去接你呀? 
家寶:到了臺北站,下了車,我就搭公車回家了。在臺北,搭公車是很方便的呀。
爺爺:現在的小孩真能幹! 
家寶:(又追著問)爺爺,您那麼早出門,到底上哪兒去了呢? 
爺爺:到菜園去了一趟,趁著太陽還沒上來,摘了些新鮮蔬菜讓你帶回家。 
家寶:可是我今天不回去呀! 
爺爺:你前天來的時候,不是說今天上午就要走的嗎?怎麼現在又說不走啦? 
家寶:爺爺,您忘了昨天晚上爸爸打來的電話啦? 
爺爺:我沒忘啊,電話是我先接的呀!他沒說你今天不走啊! 
家寶:可是爸爸跟我說了! 
爺爺:他跟你說什麼?為什麼不告訴我? 
家寶:爸爸叫我先別說。他說要給您一個驚奇 
呀! 爺爺:給我一個「金旗」嗎?那是什麼東西? 
家寶:是讓您開心的意思啦! 
爺爺:告訴我,你爸爸到底說了些什麼? 
家寶:爸爸說,今天是星期六,他跟媽媽都放假,叫我也不用回去了。他們要帶家珠來,在這裡住一夜,明天下午再走。 
爺爺: 你妹妹家珠也要來呀?好哇,我真想念那個小丫頭!可是—
家寶:爺爺,您怎麼啦? 
爺爺:可是我什麼也沒準備呀!總得買些什麼好吃的東西,給那個小丫頭吃啊。 
家寶:爸爸、媽媽也要吃啊! 
爺爺:那當然,那當然。
家寶:爺爺,其實您什麼都不用準備,爸爸會把所有吃的東西都帶來。爸爸說,我們一家 
人要吃團圓飯! 
爺爺:團圓飯,說得好,說得好。對啦,我真糊塗,忘了你爸爸從前住的房間,現在放了一些畚箕、鏟子、塑膠桶子,桌子上也堆疊著不少紙盒子,這些東西都得搬走。我馬上就去打掃屋子!
家寶:爺爺,不用打掃了。爸爸說,他要睡的房間,他跟媽媽會去打掃。他還說,光是家珠一個人就夠您忙的了。 
爺爺:說得對。我真想念那個淘氣的小丫頭! 
家寶:爺爺,您不想念我爸爸、媽媽嗎? 
爺爺:誰說的,誰說的。哈哈哈哈......。 
家寶:爺爺,您好高興啊!您很喜歡大團圓,對不對? 
爺爺:哈哈哈哈......。 (家寶上前摸著爺爺。爺爺撫摸家寶的頭髮。幕下。)"
D013,國語,6下,91,國立編譯館,text,附錄一,星光 ,"我永遠忘不了小時候,依偎在母親身邊的情景—唉，童年的回憶中,母親的懷裡,似乎還有許多星光,一眨一眨的在閃爍呢! 

第一次知道星星的名字,是在家鄉的庭園裡、瓜棚下,母親的膝上。記憶中，月光似水,瀉了一地清涼;星光在微風拂動的花叢間,忽明忽滅,好似含羞的眼晴;稀疏的花葉，投影在母親的臉上、身上。回憶中,那是一幅不會褪色的圖案。 

「媽,我要那星星,我要那星星玩。」 多少個夜晚,多少次的願望,我指著那頂上的星星向媽媽說；但媽媽總是輕輕的拍著我，笑著說：「只要你長大了,要摘幾顆就有幾顆。星星是仙女的眼淚變的,誰也不能幫你摘,一摘就碎了。」 

今晚的星光還是從前的星光。星光明滅中，我不知不覺的長大了,已由母親的膝上爬下來,背著書包上學校。

學校離家很遠,每次放學回家,常常已是黃昏,或者黑夜。一路上盡是不知名的樹,和高過人頭的甘蔗。每到夏天的晚上,樹叢間,蔗園裡,都有螢火蟲來往穿梭著。我第一次看到螢火蟲時,以為是星星,便放下書包,在樹叢間、蔗園裡,追呀追的,想要抓一隻回家,告訴母親,我已經抓到星星了。 

但抓到螢火蟲時,已經在樹叢間迷了路。我找不到出口,怕了,便放聲大哭。 
母親和家裡的人打著燈籠來尋找。找到我時,母親就飛也似的趕過來抱住我.........。

回到家裡，我悄悄的跟母親說:「媽,我抓到一顆星星了!」 
拿給母親看時,螢火蟲已死在我捏緊的手裡。母親緊抱住我,沒說什麼;但我看到母親含在眼內的淚光,那麼晶瑩，那麼清澈。

 「媽,你的眼淚像星星!」
母親笑了,笑容漸漸擴大。我沐浴在微笑的漩渦裡，忘了留住童年，也忘了留住母親的青春。
等到母親的鬢絲漸漸變成銀白,我才瞿然驚覺,我已經得到了很多,也失落了很多了! 

現在我已經長大了,但是,媽,我怎麼還摘不到星星呢?"
D014,國語,6下,91,國立編譯館,text,附錄二,它曾經是個生命,"因為你說過:「它曾經是個生命。」所以寄給你的這些貝殼,希望你珍惜。  
這是我前年夏天在南方澳棟回來的。本來它們還有很多同伴,但被我一個一個次又一次撫玩著它們,跟我說: 的送給朋友了,剩下來的就是這些。 
這六個貝殼形狀不同,顏色殊異,是我最喜愛的。好幾次,有朋友向我要,我都捨不得把它們送出去。

昨天,你來看我,無意間發現了這些貝殼。你的眼睛發亮，跟我說：「這些貝殼真漂亮啊!哪兒揀回來？」「南方澳。」 

你把它們放在掌心,撫玩了又撫玩,若有深意的看了我好幾次,最後才說了: 「這些貝殼可不可以送給我?」
「不行,我只剩下這些了。」  
昨天你離去時,還一直愛不忍釋,一次又一次的撫玩著它們，跟我說：「我最喜歡海。要是我有這些美麗的貝殼,我不但可以想像海的風貌,而且可我以用這些貝殼來諦聽海的聲音。」

但是我當時還是沒肯送給你,因為我也愛海,也愛用貝殼來想像海的風貌和聲音。而且,為了撿這些貝殼,我幾乎被南方澳炎熱的陽光晒昏在沙灘上。那天,我逐著海浪,打著光腳在淺灘上、海崖間尋找。海濱的陽光特別熱。我就在悶熱、飢渴之下,帶著昏眩,帶著喜悅,揀了這些貝殼。 
告訴你這些,是希望你明白,為什麼昨天我不送給你,實在是這些貝殼,還存留著我前年的一個夏天,還照著南方澳的炎日,還印著我在沙灘上的足跡。

但昨天你離去後,我想了又想,還是決定把這些貝殼送給你。我想你不會像其他的朋友,只是出乎一時的好奇,拿去沒幾天就丢掉了;你一定會好好的保管它們,時常洗滌它們,並且把它們放在潔淨的地方。

「雖然曉得你會珍惜這些貝殼,但還是忍不住要跟你絮聒,因為它蘊藏了我的回憶,而且最重要的,它們曾經是一個生命—你說過的。 "
D015,國語,6下,91,國立編譯館,text,附錄三,易水送別,"戰國末期,有一位慷慨赴義、壯烈成仁的荊軻,在易水河邊唱了一首短歌,跟送行的人訣別。那時候,正是大陸北方的深秋。易水河上的西風,吹起一片寒波。灰暗的天色,枯黃的野草,好像隱藏著無限悲憶的情感。 

一清早,易水河邊已經來了幾個人,都是要為那視死如歸的英雄荆轲送行的。大家都知道荊軻這一去泰國,再也不能生還了。主人是燕國的太子丹,在河邊擺開著簡單的早宴。他所帶來的衛士,每個人都改穿了白衣。另外還有荊軻的好友高漸離,也是一位英雄,一臉剛強堅定的神色,手中提著簡單的樂器——筑。大家都心情沉重的不說話,有的默默坐著,有的翘首盼望,靜候荊軻到來。
「來了!來了!」在一片呼聲中,兩個人騎著馬一齊來到:前面是英勇雄壯的荊軻,後面是他的助手秦舞陽,他們都穿著燕國專使的衣服。這兩人為了幫助燕國,反抗暴秦,情願犧牲自己的生命,到秦國去行刺秦王。
太子丹走近荊軻,想要說幾句送別的話,卻哽咽著一句也說不出來。他勉強忍著盈眶的熱淚,向荊軻和秦舞陽敬酒。
荊軻有堅定的決心,生死早已不放在心上,仍然英氣勃勃,飲酒吃肉,談笑自如。每個人都來向荊軻敬酒,只有高漸離 忽然取出筑來,擊出音調高亢的樂曲,在雄壯堅決中,隱隱含著生離死別的哀傷。  
荊軻、秦舞陽雄赳赴的站起身,向太子丹躬身辭別。荊軻轉身向高漸離打個手勢, 高漸離擊筑的音調忽然急轉成悲壯。荊軻和著筑聲,大步向前走,引吭高歌:風蕭蕭今易水寒,壯士一去兮不復還! 
歌聲未歇,荊軻、秦舞陽躍上馬背, 向西馳去,一路黃塵滾滾,漸漸的遠得看不見了。
只有那悲壯的歌聲,好像還繚繞在蕭蕭的西風裡,迴盪在冷冷的易水上。"
D016,國語,6下,91,國立編譯館,text,附錄四,知恥近乎勇 ,"一個人假使說錯了話,做錯了事,能夠自己反省,以後不再重蹈覆轍,這就叫「知恥」。知恥的人,知道什麼話不應該說,什麼事不應該做,而且在反省以後,能夠切切實實的覺悟,改正自己的缺點,朝著理想的目標邁進,不怕任何的危險困難。這種人不但能知恥,而且有不避危難的勇氣,可以算得是勇敢的人。孔子說:「知恥近乎勇」,就是這個意思。

生活在團體中的個人,自然有許多應該遵循的道德規範。假使違背了它,不但有損個人的名譽,有時候也會危害到整個團體,成為害群之馬。想一想,這是多麼可恥的事!但是,人畢竟不是聖賢,有時難免會說錯話,做錯事。假使說錯了話,做錯了事,又不肯反省改進,這種人就是不求上進;假使能夠切切實實的反省,切切實實的覺悟,那麼他就能夠鼓起勇氣,改過向善,重新做人。像周處起先干犯禮義,為非作歹,可以說是地方上的害群之馬。但是,等到他痛改前非以後,就不避危難的去打猛虎,殺大蛟。

想一想,這需要多大的勇氣!周處所以由地方上的害群之馬,變成人人心目中的大英雄,無疑的,就是因為他能夠知恥的緣故。

知道羞恥,不但對個人重要,對國家來說,也一樣重要。 
假使人人都有知恥之心,曉得「國家興亡,匹夫有責」的道理,這樣的國家哪有不興盛的呢?即使國家一時被強敵打敗了,只要人人知恥,不顧生死,肯為國家犧牲,再頑強的敵人，也一定會有潰敗的一天。句踐被吳王打敗以後,臥薪嘗膽,明恥教戰,終於 復興了越國。田單苦守即墨的時候,也用明恥教戰的方法,來激發齊國人同仇敵愉的精神,終於收復了齊國的失土。這些都是最好的例子。
我們既然明白了「知恥」的重要,就應該鼓起最大的勇氣,改正自己的缺點,愛惜團體的榮譽,天天反省,時時檢討, 做一個堂堂正正的好國民。"
D017,國語,6上,90,國立編譯館,text,7,夜夜夢臺灣──愛國詩人丘逢甲,"丘逢甲生於清朝末年，是苗栗的客家人，從小就聰明好學，父親是一位私塾老師，對他管教很嚴。逢甲七歲會做詩，十四歲就考上了秀才，被人稱做「神童」。
據說丘逢甲去考秀才的時候，由彰化一路走到府城臺南，半路上走不動了，爸爸就背著他走。同行的朋友取笑他：「以父作馬」，他不假思索的對了一句：「望子成龍」。大家都稱讚：「果然是位有急智、有文才的神童。」長大以後，他跟朋友們打賭，三天之內完成了一百首描寫臺灣景物的絕句。這些詩表露了逢甲對家鄉的深刻情感，讓朋友們讚不絕口，公認他是臺灣了不起的詩人。
一八九四年，清朝政府因為戰敗，決定把臺灣割讓給日本。消息傳來，臺灣的人民非常氣憤，丘逢甲不但帶頭上書給朝廷表示反對，並且和地方仕紳組織了義軍，誓死保衛家園，結果義軍失敗，逢甲匆忙逃離臺灣。離臺時，他沉痛的寫下了「宰相有權能割地，孤臣無力可回天」的詩句。斥責當政的宰相權力太大，任意割讓國土，感嘆身在臺灣的小臣無能為力，無法挽回被割讓的命運。
離開了臺灣的丘逢甲，像是失根的一葉蘭，既感慨家鄉淪陷，又痛心政府無能，寫了許多血淚交織的詩。割讓臺灣一週年的時候，他寫：「四百萬人同一哭，去年今日割臺灣。」在他心中，臺灣被割讓，是全臺灣人民的傷痛，怎不讓大家同聲一哭呢！
丘逢甲從此長居大陸，再也沒有回過臺灣，但他在詩裡卻是「夜夜夢臺灣」。臨死的時候，他叮寧家人將他葬在面向南方的海邊，好永遠隔海眺望故鄉。這位愛國詩人，就這樣傷心的死在異鄉，他最後的一句話是：「忘不了臺灣！」"
D018,國語,6上,90,國立編譯館,text,8,竹枝詞二首題解,"（一）唐山流寓話巢痕，潮惠漳泉齒最繁。二百年來蕃衍後，寄生小草已深根。
竹枝詞
（二）浮槎真個到天邊，輕暖輕寒別有天。樹是珊瑚花是玉，果然過海便神仙。
「竹枝」原本是唐朝流行在四川的民間歌舞，跳舞的人手裡拿著竹枝，邊舞邊唱；當時的詩人寫了許多「竹枝」的歌詞，描寫地方的風土民情，「竹枝詞」就成為專門描寫風土民情的一種詩了。
這兩首竹枝詞的作者是清末臺灣著名的愛國詩人──丘逢甲。他在日本占領臺灣的前夕匆忙離開故鄉，平日所寫的詩文來不及帶走，後來都散佚了，只有少數幾首竹枝詞流傳下來。這幾首臺灣竹枝詞，因為文詞簡單優美，描寫生動傳神，讓許多人轉相傳抄，愛不釋手，才幸而保留下來。
這兩首詩，點出了臺灣移民社會的特質。第一首詩寫移民自「唐山」大陸渡海而來，移民的人口中，以廣東的潮州、惠州，福建的漳州、泉州最多，也就是後來的客家、閩南兩大族群。「唐山」是他們的老家，還存留著過去點點滴滴的痕跡；臺灣是他們寄居的新天地，他們如同卑微但堅強的小草，經歷了兩百年風霜雨雪，終於在這片土地上生長蕃衍，深深的扎下了根。
對移民而言，渡海來臺是生命的開展，是新生的希望，所以第二首詩將臺灣比喻為仙境。「浮槎」是漂浮的小船。古代的傳說裡，有人乘著浮槎在大海裡漂流，最後竟然漂到了「天河」，遇見了仙女。詩人形容移民坐著小船到了臺灣，好像來到了遙遠的天邊，登上了仙境一般。此地的天氣不太冷也不太熱，和大陸相比，另是一番不同的感受。樹木如珊瑚般伸展枝幹，花朵兒如玉石般晶瑩剔透，這兒果然是個美好的世界。移民到此，也忘了渡海的辛苦，好像成了神仙。
移民，是有兩個家鄉的人，大陸是他們的原鄉，臺灣是他們的新家。移民也是一群勇敢的人，把自己的根由原鄉移植到了另一塊土地上。這兩首詩寫出了移民的甘苦，前一首以平實的筆法，說明他們和兩個家鄉的關係；後一首以「仙境」的比喻貫串全詩，為移民的未來燃起希望的火苗。這兩首竹枝詞，讓我們對祖先的勇氣和辛苦，有了更深刻的體會。"
D019,國語,6上,90,國立編譯館,text,9,人生百態　盡在掌中──話說布袋戲,"從前，閩南有一位書生，他進京趕考，借住在廟裡，晚上做了一個夢，夢見神明告訴他：「功名歸掌上」。書生以為功名就在自己的掌握之中，十分得意。誰知放榜以後，竟然名落孫山，只能狼須的回家鄉去了。後來，書生閒居無聊，開始用小偶人表演歷史故事。他的演出很受歡迎，名氣越來越大。有一天，他突然領悟，用一雙手，表現了歷史人物的功名富貴，悲歡離合，這才是「功名歸掌上」真正的意思啊！據說，這就是「布袋戲」的由來。
傳統的布袋戲，由戲偶、戲服到舞臺，都是精緻的藝術品。戲偶大約三十公分高，偶頭是木雕的，偶身像一個小布袋，演師把手掌伸入這個布袋裡，用手指操控戲偶的動作，所以又稱「掌中戲」。偶頭的製作靠的是雕刻師父的工夫，要經過十餘道繁複的步驟，才能將無知的木頭，雕成一個個容貌不同、表情各異的偶頭。戲服模仿古典戲曲的服裝，用上好的錦緞絲綢，縫出迷你的盔甲袍服，還用金絲彩線繡上精美的花紋。表演的舞臺模仿古代的寺廟建築，是一座金碧輝煌、雕梁畫棟的樓臺，稱作「彩樓」，也是由雕刻師父一刀一鑿，細細的雕刻而成的。
布袋戲的表演，除了後場伴奏的樂師以外，前場主要由一位演師擔任，稱作「頭手」。這位演師責任重大，負責大部分戲偶的身段動作，道白唱腔。因為偶頭是木刻的，臉上只有固定的表情，沒有喜怒哀樂的變化，所以演師必須在身段上盡量發揮。小小的戲偶，在演師的雙手操控之下：「齊眉旦」載歌載舞，水袖翩翩；「文生」寫字蓋章，舉止斯文；「武生」翻筋斗，跳花窗，飛簷走壁；「三花笑」搖頭晃腦，抓耳扭腰；「白闊」一邊抽煙斗，一邊咳嗽，還冒出縷縷白煙。種種身段動作，無不唯妙唯肖，令人拍案叫絕。
傳統的布袋戲，經常在廟口廣場演出，用來敬謝神明，祈福還願。每當鑼鼓一響，戲偶舞動，這個栩栩如生的掌中世界，總是吸引了許多男女老幼的目光；這個悲歡奇情的袖珍舞臺，也伴隨著無數的臺灣孩子成長。這是我們民俗文化的瑰寶之一，值得我們珍惜典藏。"
D020,國語,6上,90,國立編譯館,text,10,卑南文化公園,"培新：
好久沒有和你聯絡了，近來好嗎？這次畢業旅行，我們到東臺灣二日遊，才剛剛回來，有些心得，迫不及待的想與你分享。
早就聽老師說過東臺灣不只擁有環山抱海的自然美景，還是史前人類的文化櫥窗。我們的遊覽車，沿著東部海岸山脈南行，在蒼翠的群山樹影召喚中，在澎湃的海濤聲催促下，駛往臺東。
在車上，老師告訴我們，早在三千年前，卑南大溪沿著花東縱谷向南奔流，當年卑南族人，選擇了水草豐美的沖積平原，定居下來，建造家園。大夥兒一道墾地播種，一道收割春穀。考古學家從遺址發掘到他們用來墾地的石鋤、砍木頭的石斧、收割的石刀，和舂穀的石杵等。另外還發現矛、石箭頭，和石網墜。由這些工具，可以想像他們在平原上追逐野鹿、上山獵殺野豬的情形。他們甚至還會利用網墜，輕而易舉的捕撈到溪中的魚蟹，享受一頓豐盛的美食呢！
到了卑南公園，大老遠就看見聳立在遺址上的「月形石柱」。它的上端，還看得出殘留的半個圓孔，這支石柱，不經解說，還真難看出它可是蓋房子的基架呢！據說幾十年前，日本學者曾經在這裡，看到不少類似的石柱，如今只剩下這一支，孤獨的站在那裡，成為遺址的地標。懂建建造房屋，並不是件容易的事，早期卑南族人，能利用石柱鑿孔作基架，再用木材穿過圓孔，作為屋梁，蓋成房子，就成了遮風避雨的好處所。還有一具具的石板棺，當初石板棺出土時，棺裡死者的腳大半朝向都蘭山，那生前仰望的都蘭山，似乎成了他們靈魂永恆的歸宿。
卑南文化公園是現地挖掘、現地保存的「遺址公園」，經過考古學家的調查和發掘，才能拼湊出當年卑南族人的生活圖像。這些史前原住民文化的發現，延伸了整個臺灣史的視野。來到這裡，我們的情是牽繫的，我們的心是熾熱的。如果有機會，希望你也能到那裡去，看看這個史前部落的遺址，讀一讀他們活生生的歷史。
敬祝
健康快樂
文章敬上
○年○月○日"
D021,國語,6上,90,國立編譯館,,11,一截樹幹|車輪的誕生,"人類在五千多年前就已經懂得使用車輪,但是關於發明車輪的經過,卻沒有留下任何紀錄。研究人類史前生活的科學家,相信車輪的誕生跟樹幹的利用有很大的關係,所以就作了以下的推想：
有一次,有一群人要把一塊方形的大石頭,搬到祭神的廣場上去。他們合力去推石頭，讓石頭向前翻過去。僅僅這麼一個動作,就已經把大家累出一身大汗。好在他們都很有耐心,也不計較要耗去多少時日。他們相信,只要石頭能一次一次的向前翻一個面,總有抵達廣場的一天。
一天中午,太陽很毒。他們推石頭推得又累又渴,紛紛坐在地上休息,喝水解渴。不久,大家歇夠了,互相招呼一聲,又齊心協力去推石頭。他們剛開始使力,石頭就順順溜溜的向前滑 了一下。大家都愣住了,不知道是什麼原因。
有幾個人跑到石頭前面彎腰去察看,才發現有一截圓圓的樹幹,還墊在石頭下面呢！他們嘰嘰咕咕的商討了一陣,斷定石頭所以會向前滑,跟那一截圓圓的樹幹有關係。他們派幾個人去找到兩截相似的樹幹,照樣墊在石頭下面,然後回到石頭後面去推,那塊石頭果然又向前滑了幾步。他們真是高興極了,幾十張嘴鳴啦鳴啦的唱著歌,幾十隻腳重重的跺著地,圍著大石頭跳起舞來。「隨後的幾天,他們就利用那三截樹幹,把石頭順利的搬到廣場上。他們學到一種新知識:圓圓的木頭很容易滾動,利用它來搬運笨重的東西很省力。

「不知道又過了多少年,有一個聰明人利用工具切下兩段樹幹,像兩塊厚厚的圓餅,再用一根軸,穿過兩個圓心,成為雙輪。然後,他在軸上安裝一塊板子,做成一輛載運的車子,無論人拉,牛拉,馬拉,都很省力。這就是發明車輪的經過。
最初的車輪都是實心的木頭做的。後來,有人發明了輪子上的輻條,使車輪變得輕巧。到了十九世紀,車輪出現了新面貌,有鐵絲做的輻條和硬橡膠做的輪箍。早期的汽車和腳踏車,用的都是這樣的輪子。今天的車輪,用的是有彈性的充氣輪胎,比起十九世紀的車輪來,又有了不少的改進。
車輪的出現,至少有五千年的歷史。歷史學家說,車輪對人類運輸方法的改進,有很大的貢獻。"
D022,國語,6上,90,國立編譯館,text,13,二十一世紀的生活──舅舅的來信,"明湖甥：
你上次來信說：二十世紀已經過去了，二十一世紀剛剛開始，在新世紀裡，我們的生活會有什麼樣的改變？
為了回答你的問題，我特地去請教好朋友賴教授，他是研究「未來學」的專家。他說，二十一世紀是二十世紀的延續，我們的生活不可能有突然的改變，但是在二十世紀萌芽的新科技，確實會一步一步的改變我們的生活。下面就是賴教授的描述：
在二十一世紀，電腦會成為每一個人的生活工具，家家有電腦，會成為普遍的現象。那時候，電腦因為經過不斷的改進，會變得很容易操作，人人都能使用，就像我們打開電視機看新聞一樣簡單。
那時候的汽車，都用電力行駛。「太陽能」和「風能」，取代了大部分的石油燃料，減少了空氣的汙染。飛機的速度會大大增加。從我們國內飛到美國，只要短短的兩三小時。我們出國辦事，出國旅遊，都不必像現在要承受長時間的旅途勞頓。用火箭推進的太空交通工具更發達了，有些人會搬到外太空的星球上去住，體驗和地球上完全不同的新奇生活。
在醫療方面，人體器官的複製，會有更大的進展。那時候，我們要换器官，就不必再苦等別人的捐贈，耽誤了病情。醫學界對人類生命基因的研究，使我們發現了一些疾病的起因。許多遺傳性的疾病，可以採用「基因療法」，加以根除。
最有趣的是，有些行業的工作人員，可以在家裡上班，不必天天到公司去刷卡報到，一點兒也不影響公司的業務。他可以利用電腦螢幕，跟老闆面對面談話，跟同事們面對面開會。他可以利用電腦把需要的一切資料調到眼前，安心在家工作。他沒有家事的困擾，因為家裡已經有全部自動化的家事機器，而且乏味的工作還可以交給機器人去做。
賴教授的描述，等於為我們在二十一世紀的生活，畫出了一個輪廓，雖然不是很新奇，但是事事都有根據。如果你還想多知道一些，可以讀讀他寫的書認識未來社會。這本書我這裡有，是他送給我的。你想看嗎？
祝你
健康快樂
舅舅手書
○年○月○日"
D023,國語,6上,90,國立編譯館,text,14,讓路給綠蠵龜,"五月初夏的晚上，澎湖望安島的海風把白天的熱氣一吹而散，一隻綠蟻龜媽媽悄悄的從海上爬行到沙灘。似乎受到天然母性的領航，牠很快就找到一個適合產卵的地點。牠先用前肢挖掘一個可以容納龜身的大洞，再用後肢挖掘一個可供產卵的小洞，然後在洞裡產下一百多個乒乓球大小的卵。緊接著忙碌的綠蠕龜媽媽還得花上一個多小時，仔仔細細的用沙把卵掩埋好，才蹣跚的爬回大海中，只在沙灘上留下一道長長的爬行痕跡。
綠蠕龜除了上岸產卵以外，終其一生都在大海中生活。牠們雖然是海裡的游泳高手，但是上了陸地，行動卻變得又笨又慢，加上生性害羞，沒有自我防禦的能力，因此母龜很容易受到天敵的攻擊，所以牠們都是選擇夜間到少有人煙的沙灘上產卵。任何輕微的干擾，都會使母龜受到驚嚇，游回大海。在臺灣東部、南部沿岸的沙灘，過去每到夏季都可以看見海龜夜裡上岸產卵的畫面，但是隨著環境的惡化和人為的破壞，現在除了澎湖的望安島，其他地方較難定期看到牠們的行蹤。
大約經過五十多天的自然孵化後，一隻隻脆弱的小生命破殼而出。牠們會在夜晚成群的爬出洞穴，循著海浪的聲音，利用海面光線的導引，快速的爬向大海的家。這段對人類而言不過幾步之遙的路程，卻是小龜們生死的關鍵。任何一個有感情的人，看到小龜為自己的生命奮鬥都會動容；任何一個有知識的人，都知道應該退出沙灘，遠遠的走避。但是由於人類的好奇和無知，使得這些小龜飽受威脅。他們扶老攜幼擋住小龜爬行的路徑，閃光燈、手電筒此起彼落，高聲的喊叫，來回的奔跑，使得原本平滑的沙地，被踩出不計其數的坑洞，徒增小龜爬行的困難，也驚擾了小龜回家的方向，使牠們爬向陸地，走向死亡。
這種對生命的不尊重，令人痛心疾首。畢竟地球並不是人類所獨有的，綠蠕龜也有牠生存的權利，兩者的生命是同樣的可貴。期待下一次當你踏上鳥語花香的望安島時，能用愛護的心、疼惜的心，善待這裡的自然生態資源，讓瀕臨絕種的綠蠕龜能定期回來，也讓我們的下一代，能夠目睹海龜上岸繁衍的大自然奇景。"
D024,國語,6上,90,國立編譯館,text,15,震不碎的桃花源,"地震
小鎮埔里安甜的睡了
夢著埔里淡淡的酒香
夢著埔里如畫的山水
突然
天搖地動　電停燈滅
一張張驚恐錯愕的臉
從劇烈彈跳　狂烈搖晃的房子中
倉皇狂奔　逃竄
冷風刺骨
心脾撕裂
九二一的狂震
將埔里打入黑暗的煉獄
心碎
天邊亮開一片魚肚白
山城小鎮經歷一場浩劫
放眼盡是破敗的廢墟
山崩了
地裂了
學校垮了
鎮公所塌了
我們的家也破了　破了
記憶中的桃花源
失去色澤
失去光鮮
也失去生命的笑容
救援
國軍來了
綠色戰袍在斷垣殘壁中
搶救最後的一線希望
慈濟來了
藍衫白褲為埔里的悲哀
帶來一絲溫熱
醫療隊志工　像潮水般
從四面八方　翻山越嶺的湧來
一波波的救援
為埔里打開命脈
一車車的物資
為埔里張開溫情的心網
希望
面對生命的巨創
埔里人重新站起
商家拉開塵灰滿布的大門
農家屋舍又見炊煙升起
校長說
過幾天我們要重回學校上課
爸爸說
過幾天我們要搬進新家
一盞一盞的燈又亮開死寂的小鎮
仿佛希望的心燈
點燃冰冷的埔里心
埔里
永遠是一個震不碎的桃花源"
D025,國語,6上,90,國立編譯館,text,12,網路,"一臺電腦,它可以配合電話系統和另一臺電腦連接起來,彼此分享對方儲存的資料。利用這樣的原理,把許多電腦集合起來,讓它們彼此互相連接，結合成一張綿密的網，那麼每一臺電腦就可以擁有所有電腦儲存的大量資料了。這樣的設計，就叫「網路」，意思是「網狀的通路」。

西元一九六九年,美國因為國防上的需要，
全力進行網路實驗，獲得成功。美國國內許多學術機構，開始利用網路互相交換研究成果。一九九三年，他們又開發了圖像化的「全球網際路」，有了全球網際網路，任何一臺電腦都可以和世界上任何地區的任何網址相連接，大大拓寬了網網路的功能。

舉一個例子說:美國某一所大學的研究生，正在研究丹麥童話，需要一份安徒生的詳細生平資料。他只要使用網際網路，當下就可以在丹麥一個學術機構的檔案裡查到。你說這是不是很方便？

臺灣的網路實驗，也是從學術機構開始。西元一九八一年，國內幾所大學開始有了小規模的網路結合。
一九九一年，教育部申請到一條專線，跟美國國內一所大學的網際網路相連接。再經過兩年的時間,也就是一九九三年，我們就跟全球網際新科技接軌了。

在網際網路蓬勃發展的過程中,電腦又出現一項新功能—「電子郵件」。有了電子郵件,我們可以利用網路，跟世界上任何地區的人通信,只要你知道那個人的網址。更方便的是，同一封信還可以同時發給許多人,簡直就像發通告。

網路為我們帶來一個新的「資訊時代」，同時也改變了我們的日常生活。我們除了可以在網路上查到取用不竭的資料以外，還可以把日常生活中的許多事情交給網路去做。例如:通信，購物，買車票，申請戶口名簿，向醫院掛號，向銀行領錢等等，只要你輕輕按一下滑鼠，一切問題都迎刃而解了。

根據美國一家資訊公司的調查，現在全世界使用網路的人已經超過一億，美國國內的使用者大約是五千萬人。臺灣的使用者有多少呢?根據調查，早已經有數百萬人了。"
D026,國語,6上,90,國立編譯館,text,17,菜根譚的智慧,"菜根譚是一本充滿智慧的書，內容包含了許多為人、處世、治家、修養等有關的警語，給人帶來很多的啟示。
「處富貴之地，要知貧賤的痛癢；當少壯之時，須念衰老的辛酸。」這就是菜根譚裡深具智慧的一句話，主要在提醒我們：人處富貴之時，應知守成不易，要戒慎小心，並且要體恤貧賤者的困苦，具有同情心。人當少壯之時，應當及早計畫未來，多加努力，同時也要顧念老年人的辛酸，對老人家應該多加關懷。
創業難，守成更難。辛辛苦苦創建起來的家業，如果不能小心維持，很容易便因為奢靡成習，而走上衰敗的道路。宋朝的寇準，就是一個顯著的例子。他性喜華靡，成為宋真宗的宰相以後，生活更加奢華，不但講究吃、穿，連廚房和廁所，也燃燒巨型蠟燭，以至蠟淚成堆。他的子孫承襲奢華的家風，不久就窮得生活不繼。假如寇準不是這麼奢華，相信他的子孫必然不至於如此。俗話說：「常將有日思無日，莫待無時思有時」，正是這個道理。此外，身處富貴，應該體恤貧賤者的困苦，本著人飢己飢的精神，盡可能的給予援助，這樣不但發揮了同胞愛，更是行善積德。
俗話也說：「少壯不努力，老大徒傷悲。」年輕時的記性好，反應快，體能佳，要趁著人生最璀璨的黃金時期勤勉學習，否則，等到年老，就只好對著鏡中白髮，空自悲嘆了。試看古今中外的成功人物，無論政治家、文學家或音樂家，莫不是少壯時把握機會，持續奮鬥，終能擁有美好的成果。相反的，那些不思上進，只會蹉跎光陰、虛擲歲月的人，便只能在時間的洪流裡浮浮沉沉了，那是很可悲的。還有，年輕人應該要深切體會老年人衰老的辛酸，本著「視老若親」的胸懷，對於老年人給予時時關懷，多多扶持。
常言說得對，「人無千日好，花無百日紅」，人若是不能居安思危，深謀遠慮，最終難免走上困苦衰敗的道路。因此富貴的時候，應該戒慎小心，維持勤儉的好習慣，並懂得體恤貧賤者的困苦，發揚人道精神；少壯的時候，必須珍惜美好的光陰，努力奮發，廣泛的學習，充實自我。菜根譚裡這樣深具智慧的警語很多，值得大家慢慢咀嚼，細細思量。"
D027,國語,6上,90,國立編譯館,text,18,旗亭畫壁,"唐玄宗開元年間，有一日天氣寒涼，雪花微飄。邊塞派的詩人王昌齡、高適、王之渙三個興趣相投的好朋友，相約到旗亭飲酒賦詩。剛巧遇到幾位美麗的少女，在這裡唱曲宴樂。三人便約定以女子演唱各人所作詩篇的情形，來定詩名的高下。
最先被唱到的是王昌齡的作品，王昌齡高興極了，喜孜孜的在牆壁上畫一道記號，然後是高適，高適也眉開眼笑的在牆上畫下記號，接著又是王昌齡和高適的詩作。眼看情形不妙，王之渙著急了，雙手不停的搓著，額頭上微微的滲出了汗水。他指著女子中最明麗動人的一位，堅定的對兩位朋友說：「如果這位美人所唱的，不是我的作品，我情願甘拜下風。」結果最美的這位女子開口了，聲音之清亮悅耳，仿佛黃鶯出谷，讓人不禁凝神諦聽。她唱的是：「黃河遠上白雲間，一片孤城萬仞山；羌笛何須怨楊柳，春風不度玉門關。」
這正是王之渙所作，情調雄闊蒼涼的七言絕句──涼州詞。詩歌中，表現了邊塞軍士深切思念家園的鄉情。詩歌的內容是說：在這塞外，一眼望去，只見黃河遠遠的仿佛從白雲間傾瀉下來，一座孤城矗立在萬丈高山環抱之中，這情景是多麼的蒼茫荒涼。那些駐守在這邊城的將士，已經夠哀怨的了，羌笛又何必再吹起引人離緒的「折楊柳」曲子，讓人更增添無限的悲愁？要知道春風從來就不曾吹到過玉門關的啊！更何況是在這塞外的地方？
歌聲剛歇，王昌齡和高適不禁拍起手來，對王之渙的自信與才情讚佩不已。而王之渙也得意洋洋，痛快的多喝了幾杯酒，三人盡興而歸。"
D028,國語,6上,90,國立編譯館,text,19,草船借箭,"東漢末年，丞相曹操率大軍南下，意圖統一四海。劉備自知不敵，便由軍師諸葛孔明出馬，說服吳國合力抗曹。他們在長江南岸布好陣勢，隔江對抗曹軍。
吳國統帥周瑜平日總聽身邊的魯肅稱讚孔明足智多謀，心裡很不是滋味，又擔心劉備擁有這樣的人才，對吳國不利。現在見孔明前來聯盟，便極力想要除此大患。他特地當眾向孔明請教：「請問先生，和曹軍交兵，用什麼兵器最合適？」
「江面廣闊，應當先用弓箭射擊。」孔明神色自若的回答。
周瑜假作憂愁的說：「但我們軍中箭枝短缺。麻煩先生指揮製造十萬枝箭備戰，好嗎？」
孔明一口答應：「當然應該效勞。您什麼時候要用？」
周瑜想了想，說：「十天之內能辦成嗎？」
魯肅在旁一聽，心想十萬枝箭，十天怎麼可能造得出來？周瑜根本是存心為難孔明嘛。誰知孔明竟篤定的回答：「三天就行。」
周瑜連忙追問：「軍中無戲言，你能保證嗎？」
孔明胸有成竹的笑著說：「我可以簽下軍令狀，三天交不出箭，甘願受罰。」
周瑜馬上拿出軍令狀，盯著孔明簽了名，高興的想：「三日後叫你死而無怨！」
會後，魯肅趕緊來看看孔明需要什麼協助。不料孔明氣定神閒的說：「箭材都不必了，只請魯兄借我二十艘戰船，每一艘都搭上布幔，紮滿草束，配備三十名軍士。三天後，你就派人來搬箭吧！」
魯肅滿腹狐疑的預備好船隻，卻不見孔明採取行動；第二天也沒有動靜，直到第三天深夜，孔明忽然請他上船，說：「我們取箭去吧！」
魯肅發現船隻都用長索相連，直往江北敵營方向划去，不禁坐立難安。正想幸好今晚大霧瀰漫，也許可以遮掩形跡，不料孔明卻偏偏命軍士將船在敵軍陣前一字排開，擊鼓呐喊。魯肅一聽，大驚失色，忙搖手說：「曹操兵多勢大，攻過來怎麼得了？」
孔明笑著說：「放心吧！曹操多疑，不會霧中開戰的，一定只在遠處放箭。我們就等著收箭吧！」
果然，曹操一聽說敵人深夜進攻，便下令：「霧這麼大，必有埋伏！我們絕不可輕易應戰，用亂箭射他就好。」
一時間曹軍群集江邊，箭如雨發，枝枝畫破濃霧，飛向孔明船上的草束而來。
孔明談笑風生的和魯肅在船艙中觀戰，見這一邊的草束已插滿了箭枝，便命軍士將船掉頭，用另一側的草束繼續上前受箭。很快的，所有船邊的草束上都滿載利箭。孔明一揮羽扇，下令停鼓收船，並讓軍士齊聲高呼：「謝丞相箭！」
曹操聽見呼喊，知道上當，但船輕水急，吳軍早已迅速順流而下，要追也來不及了。
天亮時，孔明及時點交了箭枝。周瑜聽說不費一兵一卒，就平白奪來了十幾萬枝敵營的箭，也不禁為之嘆服：「孔明神機妙算，實在遠高過我啊！」"
D029,國語,6下,90,國立編譯館,text,2,我們的國花,"世界上很多國家都有國花，有的象徵一國的精神，有的含有歷史的意義，有的與氣候或物產有關，各有各的道理。
例如:美國以山楂花（又稱五月花）為國花，這是因為他們的祖先當年到美洲開荒所乘的船，名為五月花號，所以用它來象徵冒險進取的開國精神。
法國古代曾有勇士，拿著畫有三朵百合花的盾牌上陣，每次都打了勝仗，因此法國就用這種象徵吉利的百合花，作為國花。
其他像日本的櫻花，土耳其的康乃馨，希臘的橄欖花，埃及的睡蓮，英國的薔薇等等，都各有它們被選作國花的意義。
我國從唐朝開始，就以牡丹為國花，一直沿用到清朝。牡丹濃豔芬芳，是花國之王，被稱為國色天香，自然有它雍容華貴的氣象。但是，牡丹花雖然濃豔卻不夠堅忍，雖然芬芳卻未免嬌弱，無法表現中華民族的特性。因此，中華民國奠都南京之後，政府在民國十七年底，正式宣布以梅花為國花。
梅花有三蕾五瓣，正好象徵三民主義和五權憲法。它有一身傲霜鬥雪的鐵骨，富有堅忍耐苦的精神。在清淺的水邊，疏影橫斜；在昏黃的月下，暗香浮動。那冰清玉潔的花朵，就是它高尚品格的象徵。梅花的精神和品格，也就代表了我們國家在苦難中愈挫愈奮、愈戰愈勇的精神。
在凜冽的寒風中，一枝梅花的開放，透露了冬天將去、春天要來的消息；也為我們在苦難中成長的國家，帶來了光明的希望。"
D030,國語,6下,90,國立編譯館,text,8,易水送別,"戰國末期，有一位慷慨赴義、壯烈成仁的荊軻，在易水河邊唱了一首短歌，跟送行的人訣別。那時候，正是大陸北方的深秋。易水河上的西風，吹起一片寒波。灰暗的天色，枯黃的野草，好像隱藏著無限悲愴的情感。
一清早，易水河邊已經來了幾個人，都是要為那視死如歸的英雄荊軻送行的。大家都知道荊軻這一去秦國，再也不能生還了。主人是燕國的太子丹，在河邊擺開簡單的早宴。他所帶來的衛士，每個人都改穿了白衣。另外還有荊軻的好友高漸離，也是一位英雄，一臉剛強堅定的神色，手中提著簡單的樂器—筑。大家都心情沉重的不說話，有的默默坐著，有的翹首盼望，靜候荊軻到來。
「來了！來了！」在一片呼聲中，兩個人騎著馬一齊來到：前面是英勇雄壯的荊軻，後面是他的助手秦舞陽，他們都穿著燕國專使的衣服。這兩人為了幫助燕國，反抗暴秦，情願犧牲自己的生命，到秦國去行刺秦王。
太子丹走近荊軻，想要說幾句送別的話，卻哽咽著一句也說不出來。他勉強忍著盈眶的熱淚，向荊軻和秦舞陽敬酒。
荊軻有堅定的決心，生死早已不放在心上，仍然英氣勃勃，飲酒吃肉，談笑自如。每個人都來向荊軻敬酒，只有高漸離忽然取出筑來，擊出音調高亢的樂曲，在雄壯堅決中，隱隱含著生離死別的哀傷。荊軻、秦舞陽雄赴赴的站起身，向太子丹躬身辭別。荊斬轉身向高漸離打個手勢，高漸離擊筑的音調忽然急轉成悲壯。荊軻和著筑聲，大步向前走，引吭高歌：
風蕭蕭兮易水寒，壯士一去兮不復還！
歌聲未歇，荊軻、秦舞陽躍上馬背，向西馳去，一路黃塵滾滾，漸漸的遠得看不見了。只有那悲壯的歌聲，好像還繚繞在蕭蕭的西風裡，迴盪在冷冷的易水上。"
D031,國語,6下,90,國立編譯館,text,10,少康中興,"少康中興 
大禹因為治平了洪水的大患,受到人民的愛戴,建立了夏朝。夏朝的帝位，傳到了帝相,因為他喜歡玩樂，長期外出打獵，於是請了神箭手后羿做宰相。后羿的野心很大，乘機把帝相趕走，自己做了天子。 
后羿是個射箭的能手，但也一樣不會管理國家，得到天下以後，還是天天去射箭打獵，把國家大事，都交給了他的寵臣寒浞去處理。寒淚的野心更大，他乘后羿打獵回來，宴樂醉倒的時候，將他殺掉，取代了后羿的帝位。 
後來寒浞又派人把逃出去的夏帝相殺掉。這時候夏朝可算是滅亡了！幸而帝相的皇后是有仍國國王的女兒，她在帝相被殺的時候，正懷著身孕，逃回有仍國去。不久就生下了一個兒子，叫做少康。 
少康從小就從母親那裡知道了亡國的恥辱，又知道了后羿、寒浞這些人的罪惡，深為人民所怨恨。他一再惕勵自己，立下了一個報仇復國的宏願。
少康長大以後,在有仍國管理畜牧。寒浞知道了，又派人去捉他，他就逃到有虞國，掌管王宮廚房的事。有虞國國王看他是一個有大志的青年，竟然把女兒嫁給他做妻子，並且把綸這個地方送給他。這時候,他才算有了根據地。 
他的根據地有多大呢？歷史上說他這時候「有田一成，有眾一旅」。一成是方十里大的地方，一旅是五百人。土地雖小，人民雖少，他卻雄心萬丈，憑藉這一點基礎幹起來。 
由於他知道亡國的恥辱，一心一意要雪恥復國，所以他刻苦自勵，發憤圖強，親自率領軍隊操作，而且和人民同甘共苦，一切都以身作則。由於他的精神感召，五百人上下一條心，大家對報仇復國，都具有必勝的堅定信念。漸漸的，少康奮發有為的聲名傳布出去了，那些夏朝的舊臣和民眾，都不約而同的來歸附他。這樣辛苦經營了四十年,終於一舉把寒浞滅掉，恢復了夏朝。 "
D032,國語,6下,90,國立編譯館,text,12,瓜棚下,"夕陽在天空灑滿了彩霞，父親從餘暉閃耀中走過來，停在屋後臺階上。他喃喃的說:「後院這麼大的空地，要種些東西才好。」
第二天清晨，我在後院看到父親，他正忙得滿頭大汗。空地上豎起四根竹柱，搭成了瓜棚的架子。在它四周，種上一株株的瓜苗；種的全是絲瓜。
父親起得很早。很多次，鋤頭聲把我從夢中敲醒。我揉揉惺忪的雙眼，坐在窗口，看父親舀起一瓢瓢的水，小心翼翼的在澆瓜苗。那青青的新芽，像一排排稚氣的小孩，長得多麼可愛！
我們誰也沒有告訴過誰，但是我們都同時愛上了那日漸茁壯的幼苗。當父親鋤草或施肥的時候，我和弟弟妹妹就搶著提水，從廚房到後院，搖搖晃晃的抬著，往往把水潑得一身，然後你看我，我看你，哈哈大笑起來。
青青的瓜藤，隨著夏季成長，由棚角的這頭延伸到那頭。風來了，掌狀的瓜葉波浪似的前俯後仰，像頑童一樣的發出一陣陣笑聲。黃色的花朵，從綠絨中伸出來，像許多小喇叭，不知它要演奏些什麼。棚上棚下，蝴蝶翩翩的來了，蜜蜂匆匆忙忙的飛繞，還有棲息在電線杆上的麻雀，也下來蹦蹦跳跳湊熱鬧。
棚上數不清的瓜，好像比賽似的爭著長大。親友們來到我家，站在棚下讚美著說:「好大好多的瓜呀！」父親得意的笑著說:「趁著鮮嫩，摘些回家吃吧。」
記不得是從什麼時候開始的，我們吃飯的時候，誰也沒有興趣坐在室內的飯桌旁，而紛紛把一張張小凳子搬到後院來，全家坐在瓜棚下吃飯。
有一天晚上，我坐在瓜棚下，仰著頭，透過小小的葉隙，欣賞那篩落下來的月光；順著一絲絲的月光，驚喜的發現每個瓜正閃著翠玉一樣的光輝，像是一盞盞亮著希望和祝福的燈。於是我明白了，為什麼我們如此愛著這瓜棚，因為它建立起我們共同的希望，而且把全家的心繫在一起，像繫住所有的瓜一樣。"
D033,國語,6下,90,國立編譯館,text,15,畢業旅行,"星期一開班會的時候，老師要我們討論畢業旅行的地點和相關事項。大家公推班長擔任主席，由我做紀錄。關於旅行的地點，學校已經初步決定了幾個地方，要我們表示意見。討論的時候，同學發言踴躍，有建議去日月潭的，有主張到澄清湖的，也有人希望搭船出海到澎湖，或搭乘北迴鐵路的火車去觀光。最後贊成到淡水和冬山河的人比較多，以下是余智慧和汪成文兩位同學分別主張到淡水和冬山河的理由。
余智慧拿了一本淡水深度旅遊手冊讓同學們傳閱，她說：
「我主張到淡水。到淡水，不但可以欣賞山城河灣的美好景色，而且可以增進我們對歷史文化的認識。你可以遠眺觀音山，俯瞰淡水河，你可以探訪有三百年歷史的紅毛城，也可以漫步巡禮那些富有傳統色彩的老街古廟，和異國情調的洋樓豪宅。你看過淡水渡船頭的落日嗎？你知道珍貴罕見的胎生植物紅樹林嗎？淡水所有的這些景物，都值得我們去盡情暢遊觀賞。所以我主張到淡水。」
汪成文先說他母親是宜蘭人，對冬山河最了解了。他這樣滔滔不絕的說：
「冬山河近年來名氣最響亮了！現在臺灣有很多河流被汙染了，被蹧蹋了，可是冬山河卻反而整治得漂漂亮亮的。你能想像僅僅在十幾年前，它還水患頻仍，令人聞之喪膽嗎？
「原來冬山河由於河道彎曲，排水不易，所以常常造成氾濫。政府為了改善居民環境，促進地方繁榮，從民國六十六年起開始，斥資進行各項防洪工程，並將下游截彎取直十公里。到了民國七十一年，完成了清水大閘門，防止海水倒灌，從此解除了長久以來的水患。尤其民國八十一年開放了親水公園以後，冬山河已經變成了著名的風景區。每當星期假日，總有不少遊客慕名而來，有的划船，有的賞鳥，有的徜徉河畔，有的臥看雲天。這是多麼美麗宜人的景致啊！
「就以親水公園來說吧。你可以在涉水池中盡情玩水；你可以在紅色的捷徑橋下，俯瞰園中美景；你可以在黃龍坡上，欣賞彩色陶片和瓷磚所構成的美麗圖案，這些圖案，都是附近小學生自己設計鋪成的。假使我們能夠選在端午節那一天去，還可以看到熱鬧非凡的龍舟競賽。」
由於他們兩個人動人的描繪，所以我們班上決定畢業旅行的地點，優先考慮冬山河和淡水。"
D034,國語,6下,90,國立編譯館,text,16,中部橫貫公路,"臺灣是一個南北長、東西窄的寶島；從空中看起來，很像一片美麗的樹葉。縱貫這片樹葉中間的一條葉脈，就是中央山脈；這一條山脈，卻阻擋了寶島東部和西部的交通。
多少年來，政府就一直計畫要修築能夠橫貫臺灣東西部的公路；但是因為這條公路必須穿越中央山脈，工程過於浩大，所以沒有付諸實行。
直到民國四十五年七月七日，在行政院的策畫下，舉行了東西橫貫公路開工典禮，這條公路就是現在的中部橫貫公路。參加修築這條公路的人員，都是百戰功高的國軍退除役官兵，也都是國家的榮譽公民，所以又稱為榮民。他們經過四年的努力奮鬥，終於以人力克服天險，把這一項極為艱鉅的偉大工程完成了。這條公路的修建，不僅為臺灣東部帶來交通的便利和地方的繁榮，同時在全省的經濟、文化和軍事上的價值，更是難以估計。
橫貫公路的主線，由臺中縣的東勢鎮入山，溯大甲溪上行，經谷關、德基(達見)、梨山，越過合歡山，再循立霧溪下行，經關原、天祥到太魯閣，和蘇花公路相銜接。加上由梨山分岔到宜蘭的支線，和另外一條通到霧社的補給線，全長三百四十八公里。沿途各地，森林茂盛，水力充沛，資源豐富，經營農耕、畜牧和果園，都是很理想的地方。還有很多的礦產，如沙金、水晶、白雲石、大理石、雲母石、鐵礦、錳礦等，都是可貴的寶藏。
再從風景來看，橫貫公路沿線，自太魯閣到天祥一段，是有名的遊覽勝地；如九曲洞的曲徑通幽，燕子口的兩崖絕壁，長春祠的白練橫飛，都是精華所在。其他如梨山、合歡山一帶，千嚴競秀，萬壑爭流，那些奇麗的美景，真是天造地設。而代表我國民族精神的幾項建築，如文天祥像、岳王亭、孟母亭、慈母亭和慈母橋，也於民國五十六年全部完竣，更為名山勝境增色不少。
一個原始山區，幾乎是人煙絕跡的地帶，現在由於橫貫公路的開闢，卻創造了一個新天地。這都是可敬可佩的榮民，用他們的智慧和血汗，克服無數的困難，所獲得的成果。凡是到過橫貫公路的中外人士，無不一致讚美：這是一條勝利之路，也是一條成功之路。"
D035,國語,6下,90,國立編譯館,text,17,曾文水庫,"大家都聽過「愚公移山」的故事吧。相傳這位老人，因為他家附近有座高山，阻礙交通，發誓要把山移開。他每天帶著兒孫，專做移山的工作。這種堅毅的精神，是可敬佩的。
古代雖不一定有愚公這個人，現代卻有很多具備愚公精神的人。他們憑著信心和毅力，發揮集體的智慧，經過精密的測量和設計，運用萬能的雙手和最新的機械，削平曾文溪附近的一座山峰，把大量的土石移運過來，興建了一座遠東最大的曾文水庫。這種「人定勝天」的精神，更是可貴。
這座水庫的位置，在臺灣南部曾文溪上游，比石門水庫還大兩倍半；儲水量可達七億立方公尺，具有多目標的功能。南起臺南縣，北到嘉義縣的農田，都受到它灌溉的利益，每年增產大量的稻米，並可充分供應附近地區住戶的用水。除了灌溉的功能外，它還能防洪、發電。防洪，是因為它可以調節水量，使溪流免於氾濫；發電，是利用它的水力推動發電機來產生電力。它不僅給國家社會帶來很大的財富，而且使居住在臺南、嘉義等地的民眾，都享受到它帶來的福利。
由於曾文溪自然形勢的優美，氣候宜人，風光明媚，加上水庫工程結構的雄偉壯麗，吸引了不少遊客，很快的就成了寶島的觀光勝地。
興築這座曾文水庫，無論設計和施工，從頭到尾都是由我國人自己用腦、自己動手的。他們兢兢業業，一分一秒不懈怠，一絲一毫不疏忽；經過六年的通力合作，到民國六十二年五月完成。可見我們的智慧、能力和科學技術，足以迎頭趕上其他現代化的國家。這是一次嚴格的考驗，也是一項榮譽的創造。最主要的，更顯示了我國的土木工程，已提高到國際水準。只要大家堅定民族的自信心，發揮偉大的創造力，共同為國爭光，我們炎黃子孫，一定可以在世界上揚眉吐氣。"
D036,國語,6下,83,國立編譯館,text,8,筆的功用,"我們現在有好幾種筆可以使用：表現中國書法的特點，用毛筆；適應現代光面的紙張，用鋼筆；為了可以隨時擦掉修改，用鉛筆；攜帶方便而又書寫流利的，是原子筆。
中國人使用毛筆，有長久的歷史，毛筆是中國古代的一項重要發明。一管在手，揮灑自如，寫出來的線條，變化豐富，歷代書法家各有各的特色，美不勝收。到了近代，鋼筆、鉛筆、原子筆，先後從西方輸入，我們的書寫工具，是愈來愈簡便了。鋼筆、鉛筆和原子筆，各有它的特點。鋼筆的筆尖用金屬製成，彈性大，硬度高，筆畫轉折方便，而且一次注水，可以連寫很多字。鉛筆的一端是筆尖，把另一端加上橡皮，可以在寫錯字時，便於擦去修改。原子筆用細小的鋼珠代替筆尖，更是滑潤而流利。
毛筆、鋼筆、鉛筆、原子筆，儘管效率不同，但可並行不悖。用毛筆來排除鋼筆、鉛筆、原子筆，當然是不可能的事情；如果說鋼筆、鉛筆、原子筆，能完全代替毛筆，也不可能。因為書法是中國特有的藝術，要想完成這種藝術品，必須使用毛筆；只要書法不廢，毛筆就會存在。
毛筆最受人批評的地方，是使用不便。不過，「不便」的東西未必就會消滅。例如：在家裏聽唱片多麼方便，買票入場聽音樂演奏多麼麻煩，然而唱片能夠完全代替音樂會嗎？每天炒菜多麼麻煩，開罐頭有多簡單，無而罐頭食品能夠完全代替烹飪嗎？這兩個問題的答案都是「不能」。炒菜、聽音樂會，固然比較麻煩，可是它們有它們的優點，所以仍然會受到人們的重視。毛筆也是如此。
簡便的書寫工具，能提高效率，節省時間；但也會助長潦草，增加訛誤。倘若過分貪圖便利，不注意筆畫和字體結構，忽視基本訓練，那就失去了「便利」的意義。更進一步看：我們無論使用那一種筆，寫出來的文字內容，都可能有好有壞。好的文字內容，對社會提供優美的精神食糧，是一種貢獻；壞的文字內容，對社會散布邪惡的無形病菌，是一種罪惡。因此，每一個執筆人，都應該對他寫出來的文字内容負責，以充分發揮筆的功用。"
D037,國語,6下,83,國立編譯館,text,20,海外來信,"舅父在歐洲遊歷，對羅馬的印象最深刻，他寄給我幾十張照片，在來信裡說，根據他實地的觀察，羅馬有各種不同的面貌。以下是我滴錄的要點：
一、羅馬是歷史的都城：論年紀，羅馬已有三千歲了，到處都是古色古香的寺院，最雄偉的要算聖彼得大教堂。走在羅馬街頭，你會感覺到：每一塊石頭都刻畫著羅馬的歷史。
二、羅馬是散逸的都城：羅馬古時候有一個大浴場，很多人每天跑進去開聊、遊戲、吃喝玩樂，根本不想做事。現在的羅馬是義大利的首都，一到中午，機關學校商店都關上門，大家要睡個午覺再說；也有些年輕力壯的人，乾脆不做事，經常在廣場噴泉旁邊留連，生活過得很閒逸。
三、羅馬是飲食的都城：羅馬吃喝的地方特別多，幾乎走三步五步，就有地方可以坐下來吃。義大利人幾乎每餐都要喝酒，羅馬酒的種類非常多。他們常常喝得醉醺醺的，再跑進咖啡店裡喝一種菊花煎茶，據說可以解酒。
四、羅馬是宗教的都城：位於羅馬市的梵蒂岡，是世界上最小的國家；統治這個國家的，是天主教的教宗。這個國家小到只要你花一小時，就可以走完一圈。不但地方小，人口也少，大約只有一千人住在那裡。但你不要小看它，它卻是世界上天主教的中心。
五、羅馬是藝術的都城：義大利人愛好音樂，似乎每個人都是天生的音樂迷。不論走到哪裡，都可以看見有人在歌唱，或是凝神靜聽飄來的樂聲。整個羅馬就是一座大美術館，到處有美麗的雕像裝飾，走在羅馬街上，就好像走在露天博物館中一樣。
舅父引證了前人的名言：有人說「條條大路通羅馬」，就是形容羅馬的偉大；又有人說「羅馬不是一天造成的」，就是形容羅馬歷史的悠久。他認為：除了名勝古跡以外，羅馬新市區也繼承了傳統，不斷在建築上塑造各種時代的里程碑。
在這封信的末尾，舅父特別指示我：對於一件事情，在沒有全面觀察之前，不要作輕率的判斷。他的來信，真使我獲益不淺。"
D038,國語,6上,89,國立編譯館,text,14,萬里長城,"萬里長城萬里長，
一條巨龍在北方。
東西蜿蜒作屏障，
保衛國土固家邦。
我國北方，有一條蜿蜒萬里的長城，像一條巨龍橫卧在北國的山嶺上。這條巨龍的頭，在河北省的山海關，正對著煙波浩渺的渤海，可是它的尾巴，卻遠在甘肅省的嘉峪關，盤踞在遼闊的沙漠上。
在這中間，每隔三十六丈，就有一座方形的堡壘；這些堡壘，現在多半傾圮了，變成零落的土堆。可是，你不要小看這些敗壞了的土堆，在千百年前，它們卻在我國歷史上起過莫大的作用：每當北方來的敵人，想越過長城侵犯邊境的時候，堡壘上的守兵，就燃起了烽火，集合附近的官兵，一起抵抗來侵犯的敵人；於是一場激烈的戰爭，就在這高低起伏的山巒間展開了。這樣的事情，歷史上真不知重演了多少次，而且發生了許多可歌可泣的故事。
提起長城的年代，也和它的長度一樣遙遠，在二千多年前的戰國末年，它就陸續出現在北方的山嶺上了。等到秦始皇統一天下以後，重新修築，把原有的堡壘城牆連接起來，連成了一條萬里長城。從那時候起，萬里長城就成為我國北方最堅固的屏障，不但使老百姓可以從事農業生產，生活安定，而且也負起了防衛我國疆土的重責大任。"
D039,國語,6上,89,國立編譯館,text,19,張騫通西域 ,"漢武帝為了打敗匈奴，想聯合西域的外族。西域有個國家叫月氏，常常受到匈奴的荼毒，一直想向匈奴報復；漢武帝知道了，立刻傳旨，叫張騫去聯絡月氏，準備合力攻擊匈奴。
張騫家住陝西成固，從小智勇雙全，有遠大的抱負。他起初做武帝的郎官，盡心負責，受到大家注目。武帝派他去聯絡月氏，他一口答應，不辭危險艱苦。
武帝建元三年，張騫帶了部下一百多人上路。嚮導是個胡人，名叫甘父。他們才走到中途，就被匈奴俘擄。一拘留就是十幾年，部下死的死，變節的變節，但是張騫始終保持漢符，給部屬無限鼓舞。後來，匈奴防範漸疏，他們終於乘隙逃出，若有神助。
一路上風塵僕僕，到了月氏，這時候，月氏王卻改變了意圖——不想再向匈奴報復。張騫失望而歸，回國途中，又被匈奴捉住。這次關了一年多，乘敵人內訌，又幸運的逃出。安抵國門的，只有張騫和甘父。
武帝元狩四年，張騫第二次帶著部屬，到西域聯絡烏孫國，來夾擊跋扈的匈奴。雖然仍舊沒有達到目的，但是，他們所到之處，中國的絲綢和漆、玉、銅這些器物，陸續的傳給了西域外族；西域的葡萄、音樂和美術，也輾轉輸入了中土。中西的文化交流，從此，打開了門戶，奠定了基礎。"
D040,國語,5上,90,國立編譯館,text,3,金龍伯的寶盒,"金龍伯是一位老船員。他從小跟隨父親到美國加州的舊金山去謀生。他的父親雖然住在國外，心中想念的卻是祖國。有一次，他得到一面青天白日滿地紅的國旗，常常拿出來給金龍伯看，叫金龍伯不要忘記自己的祖國和老家。父親去世的時候，在朋友們的安排下，那面國旗成為父親的陪葬。
金龍伯長大以後，成為船員，在一家美國輪船公司服務了三十年。他做事認真負責，得到美國船長的信任。退休的那天，美國船長因為敬重這位忠誠的中國船員，表示要送他一件紀念品。國際的慣例，輪船進入一個國家的港口，就要掛上那個國家的國旗，所以船上各國的國旗很多，包括中華民國的國旗在內。金龍伯想起父親，也想起自己的祖國，因此，他向船長要的紀念品，就是一面中華民國的國旗。
他退休以後，住在舊金山中國城的一間小房子裡。他像他的父親一樣，特別珍惜那面國旗，特地把它掛在客廳的牆上。朋友們來了，大家在一起喝茶談天。他就會告訴他們這面國旗的故事，以及父親生前常說的一句話：「不要忘記你是中國人。」
他有三個兒子，也都是船員。老大在荷蘭的輪船公司服務，老二在法國的輪船公司服務，老三在英國的輪船公司服務。三兄弟到過世界各國的許多大商埠，逛過世界各國的許多名勝古蹟，日子久了，對祖國的印象也淡了。當公司的輪船到舊金山裝貨的日子，每個兒子都會上岸去向金龍伯請安。金龍伯總會叫他們看看國旗，跟他們談老家的事，叫他們不要忘記自己是中國人。
一年夏天，他病了。大兒子來看他，他就對大兒子說：「你們都有了固定的職業，而且也都已經成家，我的人生責任算是盡到了。我的一生過得很愉快，沒有什麼遺憾。我走了以後，我的遺產，我的後事，都有你們的翁叔叔料理。你們放心好了。」他說的翁叔叔，是一位可靠的律師。
那年秋天，金龍伯去世了。翁律師通知三兄弟到舊金山來為父親安排葬禮，並且按金龍伯的意思，把遺產交代清楚。然後，他捧出一個精美的雕花木盒，對三兄弟說：「這是你們的父親鄭重交代給我的一個木盒，要你們三兄弟共同保管。」
翁律師當著三兄弟的面，把寶盒打開，盒子裡放的是摺得好好的一面青天白日滿地紅的國旗。"
D041,國語,5上,90,國立編譯館,text,5,機智的晏子,"春秋時代，齊國和楚國都是有名的大國。有一次，齊王派晏子出使到楚國去。楚王聽說晏子智慧高、口才好，但身材非常矮小，於是仗著自己國勢強盛，存心想羞辱他，以顯顯楚國的威風。
晏子來到楚國，楚王下令把城門關上，另外在旁邊開了一個小門。晏子走到小門前看了看，若無其事的對接待的人說：「這是狗洞，不是城門。只有出使狗國，才從狗洞進去。我在這兒等一會兒，請你們先去問個明白，楚國到底是個什麼樣的國家？」楚王聽了，只好下令打開城門，把晏子迎接進去。
晏子拜見楚王，楚王打量了他一下，冷冷的說：「貴國難道沒有人了嗎？」晏子說：「光是敝國京城的人，大家舉起袖子，就可以使天都暗下來，大家揮一揮汗，就像下一陣雨，怎麼說沒有人呢？」楚王緊接著問：「既然有那麼多人，為什麼派你這樣的人來呢？」晏子一副很為難的樣子說：「大王，不瞞您說，敝國有個規矩：訪問上等的國家，就派上等的人去；訪問下等的國家，就派下等的人去。像我這樣的人，派到貴國來，是最合適不過的了。」楚王聽了，只好笑一笑。
第二天，楚王安排盛大的宴會招待晏子。正當大家吃得高興的時候，有兩個士兵押著一個犯人從堂下走過來。楚王見了，故意問道：「下面的犯人是哪裡人？犯的是什麼罪？」士兵恭敬的回答：「是齊國人，犯了強盜罪。」楚王搖了搖頭，對晏子感嘆的說：「想不到你們齊國人竟然善於做強盜！」楚國的大臣聽了都哈哈大笑。只見晏子面不改色，站起來說：「大王，您可知道在橘樹種在淮水以南，結出來的是又香又甜的橘子；可是移種到淮水以北，就只能結出又小又苦的枳。這完全是土壤和氣候不同的關係呀！同樣的道理，我們齊國人本來是規規矩矩、安分守法的，可是一到楚國，就做起強盜來。我看，這是受了楚國風俗的影響吧！」
楚王聽了趕緊賠不是說：「我原本想取笑先生，沒想到反倒被先生取笑了。」於是立刻改變態度，以禮相待。"
D042,國語,5上,90,國立編譯館,text,9,人間仙境──福山植物園,"上星期小阿姨來信，約我們一家人今天到宜蘭福山植物園去玩。我們高興得不得了，因為我們又可以和好久不見的小阿姨相聚了。更何況，要參觀福山植物園，可不是說去就去那麼簡單的事。平時要進入園區，得在十五天以前提出申請，拿到「入園證」才能進入參觀。
我們終於來到了這有人間仙境之稱的福山植物園。進入園區，順著小徑走了不遠，一潭清水展現在眼前，水面漂著像睡蓮一樣的植物，小阿姨說：「它是臺灣特有的萍蓬草，開起嬌柔的小黃花來才美呢！」湖邊的樹，有的將枝幹伸向水面，微風吹過，枝葉輕拂，波光閃閃。遠處游來幾對鴛鴦，悠然自得，水紋隨著牠們的身體靜靜的分開，又慢慢的合了起來，牠們鮮麗的羽毛，為這染翠的山水增添幾許顏色，也帶來生命的喜悅。
我們坐在湖邊的涼亭裡，看著翠綠的山，澄澈的湖，這時風靜、樹靜、水靜，只偶爾傳來一聲宛轉悅耳的鳥鳴，剎那間，我覺得自己就是那天邊的一朵雲，就是那水邊的一棵小小的樹，自由自在，心中充滿幸福和快樂。
再往前行，是面積廣大的原生植物展示區，高大的樹木挺拔的生長著。纏繞著它，迎向陽光的是各種藤本植物。山中多霧，一片片地衣綠化了樹下的土地，一朵朵野菇像一把把小傘，附生在大樹根上。各種蕨類，更依附著樹木吸取雨露和養分。這林蔭深處真是蘊藏著無盡的生機，自然界好像在告訴我們，生存本來就是寬大包容，相依相附的呀！
園內還種植了許多花木，因為現在正是初冬，看不到花朵的容顏，小阿姨說，當春天來臨時，淡紅的烏來杜鵑、雪白的油桐、粉紅的西施花全都開了，那時的植物園，就成了萬紫千紅的錦繡世界。
下午四點，我們依依不捨踏上歸途，山中的霧正慢慢湧起，山路蜿蜒曲折，漸行漸遠，回頭尋覓，福山植物園已在雲深不知處了。 "
D043,國語,5上,90,國立編譯館,text,10,公告和通知,"學校為了迎接創校一百週年，舉辦了各項慶祝活動,從十一月初起，文化走廊上，貼滿了各式各樣的海報。布告欄上，也張貼了各項慶祝活動的公告和通知。
公告
主旨：為慶祝本校百週年校慶，訂於十二月一日上午十時起，舉辦各項慶祝活動，敬請全校師生踴躍參加。
說明:一、活動項目及內容：
項目　資格　時間　地點　承辦單位
吾愛吾校詩歌朗誦　五、六年級　十二月一日　禮堂　教務處
畫我美麗校園　全校學生　十二月二日　校園　教務處　
校樹選拔　全校師生及家長　十二月七日　各投票所　訓導處

二、除校樹選拔項目外，參加其他兩項活動的人員請於即日起至十一月二十日止，向各承辦單位辦理報名。

「畫我美麗校園」活動的當天，因天候不佳，學校緊急通知活動延期。
緊急通知
原訂今天下午一點三十分，在校園舉辦的「畫我美麗校園」活動，因雨順延改至明天同一時間舉行，特此通知。
教務處　十二月二日
百週年校慶的各項活動中，以「校樹選拔」達到最高潮，經全校師生、家長、畢業校友，在十二月七日那天投票，選出了本校的校樹。選拔結果公布在布告欄上。

公告
主旨:公告「校樹選拔」活動的投票統計結果。
樹名　得票數　排名　當選別　
老榕樹　一五六四　一　ｖ
老樟樹　一二三O　二　
大王椰子　一O二O　三　總投票數:　三八一四
訓導處　十二月八日

公告和通知，是一個單位或團體用來傳達訊息的文件，其寫法、功能，與一般文章不相同，基本上都包含有三個部分：一、文件名稱:例如「公告」、「通知」或「緊急通知」等。二、正文：就是公告或通知的內容，主要包括了在什麼時間、什麼地點、做什麼事及公告的對象、注意事項等。
三、發文的機關、單位和時間。
公告和通知,兩者的差別在於：公告比較正式，有主旨，告知的對象一般來說是單位全體；通知沒有公告那麼正式，可以不必有主旨那項。告知的對象一般是少部分的人或特定的人。現在,你了解公告和通知了嗎?"
D044,國語,5上,90,國立編譯館,text,11,天石硯,"北宋時代，四川有一位才子蘇東坡，他是一位有名的文學家，也是一位出色的書法家。他從小就聰明過人，很喜歡讀書，也是個精力充沛的活潑孩子。在家鄉美麗的田野間，他快樂的奔跑遊戲，呼吸草木泥土的芬芳，汲取山川風露的靈氣。
十二歲的時候，他和小朋友在空地上遊戲，挖到了一塊奇形怪狀的石頭，他如獲至寶，興高采烈的捧去給父親看。東坡的父親並沒有怪他弄得髒兮兮的一身泥巴，反而仔細端詳這塊石頭，一本正經的笑著說：「孩子啊！你運氣真好，這可是一塊上好的硯石啊！我們找人打磨一下，你可以用來練書法呢！」
經過打磨以後，這塊石頭看起來像條魚的形狀，全身是淺淺的碧綠色，上面點綴著細小的銀色紋路，磨起墨來，墨色潤澤，經久不乾，果然是一塊好硯，東坡高興極了。爸爸說：「這塊硯臺簡直是上天賜給你，要你好好練書法的。你知道古代大書法家王羲之、懷素他們是怎麼練字的嗎？」
「東晉的王羲之是公認的『書聖』，他的屋子旁邊有一個清澈的小水池，王羲之天天練完字，就在池子裡洗筆、洗硯臺，久而久之，連池子裡的水都被染得黑沉沉的了，人稱『墨池』。唐朝的懷素最擅長寫草書了，為了練字，不知道寫禿了多少枝毛筆，堆起來像座小山一樣，被稱作『筆塚』。你看，字要寫得好，得要勤奮苦練，寫出『墨池』、『筆塚』才行啊！你現在有了這塊天賜的硯石，可要好好珍惜，用功練字啊！」
從此，這個硯臺就放在東坡的書桌上，東坡給它取名為「天石硯」，他始終沒有忘記父親的教訓，天天用它苦練書法。後來他不但在文學藝術上有了出類拔萃的成就，而且成了著名的書法家。"
D045,國語,5上,90,國立編譯館,text,13,父母的智慧,"孩子，是父母生命的延續，父母為了孩子，甘願起早睡晚，辛勤工作，讓孩子衣食無缺，平安成長。大多數的父母更知道，教育也是很重要的。三字經上說：「養不教，父之過。」父母除了用愛養育孩子以外，也用智慧教育孩子；父母的智慧，如同一盞明燈，照亮了孩子的生命。
孟母三遷是大家熟知的故事，孟母為了尋找適合孟子的成長環境，不辭辛勞的再三搬家。孟母雖然自己不會教孟子認字讀書，但是她一直細心觀察孩子的發展，注意環境對孩子的影響，並且積極的採取行動。這就是孟母的智慧。
唐朝有一位李夫人，丈夫早死，辛辛苦苦的養育三個兒子。有一天，他們在所住的破屋子地底下，挖到了一箱錢，三個兒子都高興極了，母親卻命他們把錢埋回原處，並且向上天祝禱：「如果上天有眼，賜我們母子這些錢財，請把它變成兒子日後的俸祿吧！」後來三個兒子都做了大官。難道真的上天有眼，聽了母親的祝禱嗎？不是的，是母親那種拒絕非分之財，拒絕「不勞而獲」的堅定信念，激勵了兒子，讓兒子發憤圖強，終能有所成就。這是李夫人的智慧。
宋朝的司馬光寫信給兒子，教導孩子要節儉，他說：「由儉入奢易，由奢入儉難。」這句話的意思，是說由節儉的生活方式變成奢侈很容易，要由奢侈的生活方式節儉下來就難了。其實司馬光貴為宰相，可以錦衣玉食，還教孩子要節儉，不是太多餘了嗎？這正是司馬光深謀遠慮的地方，因為他不可能永遠做宰相，永遠讓家人過著富足的生活，現在教導孩子不要奢侈，正是怕孩子將來過苦日子啊！這是司馬光的智慧。
我們歌頌父母的偉大，不只因為父母操心勞累，養育孩子，也因為他們教導孩子做人處事的原則，為孩子尋求適合發展的環境。他們的智慧，是孩子終生的寶藏，讓孩子受用無窮；他們的苦心至愛，是孩子應該永遠感念的啊！"
D046,國語,5上,90,國立編譯館,text,14,自由女神,"在美國紐約灣中的一個小島上，有一座高大的自由女神像。每位到紐約的遊客，都想要乘坐渡輪，觀看女神的風采。純白的女神像，站在十層樓高的平臺上，身上穿著長袍，右手舉著火炬，頭上有一圈放射狀的光芒。她的雙眼遠遠望向天邊，面容帶著堅毅果敢的神情。
這座世界聞名的女神像，是法國送給美國獨立百年紀念的禮物，代表兩國的友誼，以及「自由照亮世界」的信念。她是以鐵架為骨幹，再用手工鎚製的厚銅板作外殼，整整費了十年的工夫，才打造完成的。然後，再把神像拆開，裝進大木箱，運到紐約，重新組裝。從此以後，她便站在這裡，成為紐約的地標。
女神像的附近，有一座愛麗絲島。以前由歐洲到美國的移民，經歷了漫長而艱苦的航行後，要先在這兒接受盤查，才能入境。有些被拒絕的人，還會在回程時，跳入海中，希望能游到對岸的市區，達成他們的願望。對這些在島上焦急等待，渴望自由的人來說，女神手中的火炬，不斷的傳送著無言的鼓勵，讓他們能堅定信心，勇往直前。愛麗絲島不但是移民進入美國的門戶，也是他們揮別貧窮灰暗的過去，開創新生活的起點。愛麗絲島是許多美國人共同的回憶，火炬的光亮因此成為美國人心中永遠的精神支柱。
自由女神除了火炬和光芒外，在她的腳邊還散落著斷開來的鎖鍊，左手拿著一本刻有美國獨立日期的法典。斷開的鎖鍊表示掙脫舊日的壓迫，法典表示爭取獨立的成功。而每個見過自由女神像的人，都不會忘記她手中高舉的火炬，那象徵著追求自由的勇氣。日復一日，年復一年，火光引領著懷抱希望的人們，努力朝向夢想的國度前進。"
D047,國語,5上,90,國立編譯館,text,17,快樂猜謎語,"上星期，老師告訴我們，今天第一節課要做猜謎遊戲。一大早，我們就把寫好的謎語貼在教室裡，等著大家來猜。上課時，老師提示我們：「謎語是中國的傳統文化，有字謎、有物謎、也有猜人名的。猜的時候要先仔細想一想謎語的內容，比如說猜字謎，就要從文字結構來分析；又比如猜物謎，就得注意這件事物的特色了。所以一會兒說謎底的時候，別忘了跟大家說一說你為什麼這樣猜。」接著老師就宣布猜謎遊戲開始。
苗天福第一個搶著舉手說：「我先猜，『池裡不見水，地上沒有泥。』是不是冬天的游泳池？」提供題目的艾志雄說：「對不起，猜錯了，這一題是猜『字』，不是猜『物』啊！」于佩佩笑咪咪的緊接著問：「這是一個『也』字吧！因為『池』裡沒有『水』，『地』上沒有『土』，不都是只剩下一個『也』字了嗎？」艾志雄高興的說：「猜對了！佩服！佩服！」張玉珊跟著舉手，說：「『七十二小時』的謎底是不是『晶』字？因為七十二小時正好是三日，我猜的對不對？」提供題目的周偉趕快說：「了不起！了不起！你一猜就猜對了。」
丁小芹說：「這裡的一則謎語有趣！『根在水中央，身材細又長，皮膚白又嫩，好吃又營養。』我猜一定是豆芽。」苗天福好奇的問：「你怎麼猜到的？」丁小芹得意的說：「豆芽有根，可是不長在土裡，它的身體又白又細又長，你忘了嗎？我們以前做過『豆子發芽』的實驗啊！」苗天福抓抓頭，眨眨眼，做了個鬼臉說：「你真是能溫故知新啊！」大家看到他的表情都笑了。
接著有人猜了地名、人名、成語等謎語，有的人對，有的人錯，整個教室裡笑聲不斷，熱鬧極了。快下課的時候，老師說：「我也說一個動物謎語給大家猜，下次上課再告訴老師謎底。」老師說的謎語是這樣的：一朵芙蓉頭上戴，戰衣不用剪刀裁。雖然不是英雄漢，唱得千門萬戶開。看來，我們都得好好用心猜一猜了。"
D048,國語,5上,90,國立編譯館,text,18,過了臘八就是年,"星期六的晚上，我們一家人輕輕鬆鬆坐在客廳，享受週末的歡樂時光。電視裡正播出和鄉土風情有關的節目，主持人在介紹臺灣民間過年時，各種「粿」的製作方法和用途，我們都看得津津有味。
爸爸忽然說：「我小時候念過一首閩南歌謠：甜粿過年，發粿發財。包仔包金，菜頭粿吃點心。以前每次念到這首歌謠，就好像聞到了『粿』的香味兒，心中忍不住的盼著新年快些來到。」
媽媽說：「我小時候也學過一首北方歌謠，它的內容把過年前的熱鬧都說出來了，我念給你們聽聽看：
老婆老婆你別饞，過了臘八就是年。臘八粥，喝幾天，漓漓拉拉二十三。二十三，糖瓜黏。二十四，掃房日。二十五，炸豆腐。二十六，燉羊肉。二十七，殺公雞。二十八，把麵發。二十九，蒸饅頭。三十兒晚上熬一宿，大年初一出來扭一扭。」
媽媽念得又流利又好聽，我和姊姊都拉著媽媽的手說：「教我們念，教我們念。」姊姊更好奇的問，「二十三，糖瓜黏，黏什麼東西呀？」媽媽笑了，說：「黏灶王爺的嘴，讓他上天不能張嘴告狀呀！」
奶奶也笑了，她說：「聽你念得真有趣，其實臘月二十四，我們客家人也是全家大掃除，而且要請灶王爺吃湯圓，讓他嘴甜甜的，上天去說好話。還有啊，大年初七，客家的婦女一定到寺廟去拜神祈福，並且有吃七種菜的習俗，據說吃了之後，這一年會更健康，更聰明，更懂得勤儉過日子呢。」
聽了奶奶和爸爸、媽媽的話，我和姊姊都覺得這些古老的習俗，不只是有趣，而且非常有意義呢。"
D049,國語,5上,90,國立編譯館,text,19,有趣的諺語,"我們常常聽到有人用短短一句話，來介紹一個地方。也常常聽到有人用短短一句話，來說明一個道理。這句話說出來，又簡單又有趣，多半在民間流傳已久，這句話就叫「諺語」。
到過貴州旅行的人，忘不了氣勢雄偉、噴珠灑玉的黃果樹大瀑布，忘不了苗族部落迎賓的熱情，更忘不了有關貴州的諺語：「天無三日晴，地無三里平，人無三兩銀。」這句諺語雖然有些誇大，但是也說出貴州雨多、山多、生活窮困的特色。到過西北大漠的人，忘不了一望無際的大戈壁和那寸草不生的火燄山，忘不了落日蒼涼的古長城和盛產葡萄的吐魯番，同樣的，「早穿皮襖午穿紗，圍著火爐吃西瓜」，這句形容大漠氣候早晚變化很大的諺語，也一定常在耳際，難以忘懷。
至於說明道理的諺語，對人有所啟發，有所鼓勵的就更多了。在臺灣，我們常聽到的，像「仙人拍鼓有時錯」，是說神仙都會有錯，何況是人呢？鼓勵做錯事的人，要知錯能改。像「心肝若好，風水免討」，是說如果心地好，就不必迷信風水，所以只要注意修養自己的言語和行為，不必靠風水也能事事順利了。最耳熟能詳的是「吃米飯拜鋤頭，吃果子拜樹頭」，它告訴我們做人不能忘本，要能心存感激，飲水思源。
古時候有一句諺語說：「只有上不去的天，沒有過不去的山。」意思是說：「有志竟成。」鼓勵大家遇事不怕難，只要下定決心去做，最後一定成功。雖然現在人類已經上了太空，沒有上不去的天了，但是這句諺語還是具有啟發性的。一句有啟發性、教育性的諺語，是可以歷久常新的。最重要的是我們要了解它的意義，學習它的精神。"
D050,國語,5下,90,國立編譯館,text,1,遊澎湖,"從臺北坐飛機去澎湖，航行時間是四十五分鐘。在飛機上，小真對我說：「姑姑，澎湖是一個孤零零的海島嗎？」我說：「澎湖是一個群島，除了澎湖本島以外，大小島嶼有六十幾個。其中有人居住的，只有二十個左右。」小真很認真的說：「原來是這樣。」
我們這個旅行團，一共有三十六個人，幾乎都是大學裡的同學，大家的計畫是利用兩天的時間，到澎湖做重點旅遊。我特意替小真報了名，心中也有個小計畫，就是讓小真有機會認識澎湖，因為她的外婆是澎湖人。
飛機在澎湖機場降落，我們坐遊覽車進入馬公市區，沿途看到綠野上盛開著橘黃色的野生菊花。我趕緊告訴小真：「天人菊！這是澎湖縣的縣花，代表澎湖人不畏艱苦的精神。」小真說：「回家的時候，我一定要帶幾朵去送給外婆。」
我們住進旅社，我在販賣部買了一包帶殼花生，給小真嘗嘗。她剝了幾顆吃了，點頭說：「這兒的花生好肥大，又香又脆，真好吃！」吃中飯的時候，小真第一次吃到丁香魚、澎湖龍蝦、絲瓜炒蛋，飯後還吃了幾片香甜多汁的澎湖哈密瓜。我問這一頓飯的味道怎麼樣。她在我耳邊說：「真的很好吃！」
旅行團按照原訂計畫，看了五個景點：
天后宮——有三百多年的歷史，梁柱雕刻很細緻，是臺灣地區有名的古老廟宇之一。
通梁古榕——是澎湖有名的古樹，綠蔭遮蔽的一片土地，有兩個籃球場那麼大。
跨海大橋——它跨過水流很急的深海，是遠東最大的一座深海大橋。白色的橋身，跟藍色的海水相輝映，非常美麗。
西臺古堡——是清代建造的大炮臺。炮臺裡的隧道，由大塊的石頭造成，工程非常浩大。
桶盤嶼——形狀像倒扣的桶盤，島的三面有柱狀的玄武岩環抱，是大自然的奇觀。
在返回臺北的飛機上，我問小真：「你還滿意嗎？」小真說：「雖然只有短短的兩天，我已經愛上這個地方了。」她對我笑一笑，又說：「記得嗎？我說過要帶天人菊回去送給外婆。」我問她：「帶了嗎？」她拍拍掛在胸前的照相機說：「在這裡！」"
D051,國語,5下,90,國立編譯館,text,4,堅持-給孩子的一封信,"親愛的孩子：
從放學回家接到退稿的那一刻開始，你就一直悶悶不樂。晚餐時，對著一道道平日愛吃的菜，你視若無睹，只是低著頭，撥弄碗裡的飯粒。爸爸忍不住說了你一句：「怎麼這點兒小事就把你擊倒了？」你大聲的喊：「誰說是小事，這已經是我第二次被退稿了，我以後再也不要投稿了！」說完你就放下飯碗，躲進自己的房間。
現在夜已經很深了，望著你熟睡的臉龐，依稀還留著哭過的淚痕。媽媽忍不住要告訴你，爸爸媽媽知道退稿給你的打擊很大，尤其這一陣子，看你每天放學回家，總是迫不及待的拿起報紙，在兒童版上焦急的尋找。我們知道你多麼希望看到自己的文章，能在報紙上發表。但是人生不如意事十常八九，要知道海浪只有打在大岩石上，才會激起美麗的浪花。如果遇到困難就退縮不前，輕言放棄，那麼人生只怕不容易有成就。
你還記得媽媽跟你說過貝多芬的故事嗎？他在二十多歲的時候，耳朵忽然出了毛病，常常聽不到聲音，這對於一個音樂家來說，簡直是宣判他音樂生命的死刑。但是貝多芬並沒有向命運低頭，他忍受耳疾的痛苦折磨，堅持對音樂的狂熱，整日埋首於作曲當中，終於完成一首又一首精彩絕倫的樂章。他的作品一直流傳到現在，成為全世界最寶貴的音樂財富。
還有名作家劉俠，十二歲那年，不幸得了「類風溼性關節炎」。這種無藥可治的病，使她全身的關節幾乎都失去了功能。她腿不能行，手不能舉，指不能彎，頸不能轉。四十多年來，她沒有睡過一天好覺，也無時無刻不在疼痛之中。但憑著對寫作的熱愛與堅持，她緊緊抓住每一分每一秒，用僵硬腫大、彎曲變形的十指，艱辛的寫出一篇又一篇動人心弦的好文章。她的作品廣為流傳，在國內外都被選為教材，她的故事更是勇者最好的說明。
這些人遭遇的困境，比起常人不知道艱難多少倍，但是他們卻能堅持信念，使生命展現光華。孩子！媽媽多麼希望你能學習他們的堅毅，不要被兩次的退稿輕易擊倒。你應該從失敗中吸取經驗，找出其中有待改進的地方，並且多觀摩別人的作品，相信假以時日，你的心願一定可以實現的。爸爸媽媽對你可是深具信心的呵！祝心想事成
媽媽
○年○月○日"
D052,國語,5下,90,國立編譯館,text,5,珍‧古德與黑猩猩,"熱愛野生動物的英國女子珍‧古德，在二十六歲時來到了非洲，開始對黑猩猩的行為進行長期的觀察。
她一進叢林，便染患了瘧疾，飽受折磨。但是她最擔心的，還是黑猩猩們始終不肯讓她接近。大病初癒的珍，決定要獨自行動，好讓黑猩猩們了解她友善的態度。她爬上高高的山壁找明顯的位置，在山頂上坐了一整天，終於得到了黑猩猩的信任，展開近距離的觀察活動。她每天五點半起床，便上山工作，直到天黑才回營地，整理當日的觀察紀錄，至夜深才休息。珍為每一隻黑猩猩命名，把牠們當作自己的朋友，還親眼目睹黑猩猩們繁衍三代。她投注了大量的精力與時間，只為完成理想而奮鬥。
珍的研究成果深具意義。例如，她發現猩猩竟然會製造釣白蟻的工具。牠們用細樹枝伸進白蟻窩中，等到樹枝末端沾滿白蟻時，再把樹枝抽出來，放進自己的嘴巴裡，享受可口的白蟻大餐。人類學家一直以為，只有人類才會製造工具，珍的觀察結果證明這種理論並不正確。還有一次，一隻小猩猩的母親不幸病死，結果牠被另一隻善良的黑猩猩給收養了呢！除此之外，黑猩猩面對聲勢壯大的瀑布，或是雷聲隆隆的暴風雨時，也會舞動手腳，像是在表達內心的敬畏。這和我們老祖宗的祭神歌舞，不是很類似嗎？
如今珍已不再從事野外觀察，轉而全力投入拯救黑猩猩的工作。因為她深刻體會到黑猩猩和人一樣，渴望被愛，渴望受尊重，希望我們人類能了解牠們的感受，珍惜牠們，愛護牠們，還給牠們良好的生活環境，這是她現在努力奮鬥的目標。
靠著過人的恆心與毅力，珍不但拓展了人類的知識領域，也教導我們，要以更為人道的精神來對待動物。"
D053,國語,5下,90,國立編譯館,text,6,往西天取經的玄奘,"玄奘坐在裝飾華麗的象背上，跟著馱有鑄金佛像的大象，緩緩走向曲女城法會的會場。前面等著他的，正是一場千載難逢、規模空前的辯論大會，除了印度十八位國王及數千名佛教僧侶外，還有其他宗教徒參加。玄奘到達會場後，登上金碧輝煌的寶座，擔任論主。他所發表的論說，由專人抄寫一份，張貼在會場門外。在法會進行的十八天裡，沒有一個人能在場中提出問題，也沒有一個人能改動任何一個字。
玄奘是一位唐代的高僧，十三歲在洛陽出家前後，就已開始研讀佛經，後來廣從高僧問道請益，卻苦於各種學說義理不同。他發現佛經的譯本很多是不完整的，因此決定親自前往佛教發源地的印度求學，取回更多更好的佛經。
在西行取經的路上，他曾在五百里流沙河中迷路，茫然四顧，不見人跡。他也曾走在下臨萬丈深谷的羊腸小徑上，雪花飄飛，迷亂了眼前視線。然而他始終記得自己立下的志願，不到印度，絕不回頭，寧可往西而死，不願向東而生。
玄奘歷經千辛萬苦到達印度後，進入當時全印佛教的最高學府，跟從名師學習，又至各地遊歷，通曉多種印度方言。有了這些廣博的見聞，他講起佛經來，便更為深入精微。而法會的圓滿，正是多年來勤修苦學的成果驗收。於是他對自己翻譯佛經的能力，有了十足的信心。他知道光有佛經，而沒有正確的理解，是無法擔當譯經工作的。
在離開中土近二十年後，玄奘終於回到長安，受到萬人空巷的歡迎。他帶領一批博學的僧侶，開始了譯經的事業。他譯的佛經既正確傳神，又典雅優美，奠定了唐代佛學研究的基礎。他在曲女城法會上的表現，對印度佛學也有深遠的影響。更重要的是，他那追求真理的大無畏精神，將成為人類歷史上一盞永不熄滅的明燈。"
D054,國語,5下,90,國立編譯館,text,9,跳躍的音符,"定居美國的華裔大提琴家馬友友，音樂的天分極高，四歲就開始練習巴哈的曲子。他非常用功，每天練習曲子至少四、五個小時，即使現在已經舉世聞名了，也不間斷。
他真是個音樂天才，不論演奏什麼曲子，古典的也好，現代的也好，他都能融入自己的想法，用靈動的指尖，深情的拉出最美妙的樂音來。他說過：「拉琴時，一定要覺得樂器好像是你身體的一部分，琴弦就是你的聲音，大提琴就是你的肺。」他從來沒有忘記追求人琴合一的境界，其實那已經不是單純的彈奏音符，而是創造感情和音樂結合的世界。
草螟仔弄雞公這首具有草根性和生命力的臺灣鄉間歌謠，在馬友友的指尖和琴弓下，那活潑有力、激越跳動的旋律，彷彿蚱蜢和公雞鬥弄時，東奔西跳，把公雞逗得團團轉的情境，活生生的展現在眼前。
舒伯特的名曲鱒魚，是描寫魚兒洄游出生地的過程。馬友友運用大提琴溫柔的唱和，襯托鋼琴和小提琴時而高低起伏，時而輕靈滑溜的樂音，表現了魚兒洄游中曼妙的身姿，偶爾奮躍而起的情景，可稱唯妙唯肖。
「哎呀不得了，事情真糟糕，我的火雞呀，跑到哪兒去了……」這是描寫西部移民的美國民謠綠樹紅花。馬友友演奏這首曲子時，特別把握住那輕快短促、歡樂洋溢的節奏，刻畫出那些男男女女，勾著手臂，腳穿高筒靴，圍著圓圈，歡樂的跳著方塊舞的西部移民，揮灑著他們無窮精力的情境。
這些跳躍的音符、美妙的音樂，正是馬友友心靈真誠的創造，所展現出讓人風靡的大提琴丰采。"
D055,國語,5下,90,國立編譯館,text,10,曾侯的編鐘,"編鐘是用青銅合金所鑄造的樂器。一般的編鐘，將大小不同的幾口鐘排列在一起，組成音階，演奏起來，十分悅耳動聽。
戰國時代，南方有一個小國，叫做曾國。曾侯乙在位的時候，為了展現國力，決定鑄造一套前所未有的大編鐘，好讓各國另眼相看。於是他下令廣招工匠，積極鑄造。幾年過去，終於完成了一套六十四口的大編鐘，這也是我們至今所知最大的一套編鐘。
這套編鐘太壯觀了！六十四口鐘，分作三層，掛在描龍刻鳳的鐘架上，幾乎要占兩個牆面。六個身佩寶劍的青銅武士，雙手向上，牢牢拖住沉重的鐘架。最大的鐘有半個人高，小的只有巴掌大小，鐘的表面刻上了細緻的花紋，也標記了音高。更令人驚奇的是，每一口鐘的正面和側面都可以敲擊出兩個不同的音高，形成了美妙的和音，這種鑄鐘技術太驚人了。
我們可以想像這套編鐘演奏的情形：幾個樂工一起合作，負責中、上層的樂工拿著小槌，雙手如飛的敲擊出響亮清澈的中、高音；負責下層的樂工握住沉重的木棍，緩緩的撞擊出震撼人心的巨大低音。高低音交織在一起，在高大的殿堂裡迴盪不絕。動人的旋律，配合著歌者的宛轉長歌，舞者的翩翩起舞，這樣編鐘樂舞的華麗場面，一定會讓在座的人讚嘆不已，也讓曾侯心花怒放，得意無比。
編鐘鑄成後不久，曾侯乙就過世了，這套精心鑄造的編鐘也就成為他的陪葬品，從此塵封在深深的墓室裡。直到近年，考古學家挖出了曾侯乙墓，才終於重見天日。兩千四百年來，這套編鐘長眠地下，一旦出土，它精密的鑄造技術和繁複的音階，震驚了現代人。曾侯已逝，曾國早亡，只有這套編鐘，是中國古文明的鮮活見證。如今它那悠揚雄壯的鐘聲，依舊一聲聲，向我們傾訴著中國古文明的神奇。"
D056,國語,5下,90,國立編譯館,text,11,埃及的金字塔,"如果你到埃及旅行，沿著尼羅河前進，你將會看到一座座巍峨的金字塔，矗立在一望無際沙漠中。在蔚藍的天空下，這些已有好幾千年歷史的龐然大物，不但顯得傲岸不群，更給人一種神秘的感覺。
到底金字塔這種古老的建築，是做什麼用的呢？原來它是專為埃及國王所設計的陵墓。古埃及人相信：人死後只要把遺體保存好，就可以在另一個世界得到永生。所以尊貴的國王一旦去世，埃及人會先把他們的遺體做防腐的處理，再用泡過香料的布條層層包裹好，製成「木乃伊」，放進棺木中。然後安置在金字塔內部的墓室裡，再啟動機關，放下巨石，堵住通道，將整個金字塔封閉起來。這樣一來，便可以防止盜墓者的侵入破壞，讓遺體永享安寧了。
在尼羅河沿岸，大大小小的金字塔遺址，大約有八十多座。其中以位於基沙的三座金字塔，以及在塔前擔任守護神的人面獅身像，最為宏偉壯觀。這些金字塔都是用大石塊堆砌建造的。底部為四方形，四面則為平滑的三角斜面。單是規模最大的古夫王金字塔，面積就有五個足球場大。它總共使用了二百三十多萬塊的大石頭，每塊足足有兩噸半重。塔高一百四十六公尺，相當於四十層高的摩天大樓。據說古夫王生前動用了十幾萬名工人，花費了二十年的時間，才完成這座世界最大的金字塔。
我們很難想像，遠在二、三千年前，沒有電力，沒有機器的情形下，這樣龐大的建築物究竟是怎麼建成的。一般的推測是：聰明的埃及人，利用尼羅河每年雨季上漲的洪流，把採石工從岸山上一斧一整切下來的石材，順著水流用木筏運送到工地去。再用大量的磚塊在金字塔的外側，建造一條盤旋而上的坡道，這樣就可以讓成千上萬的工人，用繩子、滾木把石塊順著斜坡緩緩的往上拖，一層層的累積，疊成金字塔。
幾千年後的今天，每年都有許多遊客從世界各地湧來，觀看這號稱「世界奇蹟」的建築物。光芒四射的金字塔，不僅透露出埃及國王的權勢和追求永生的心願，更展現了古埃及人的智慧和建築技術。"
D057,國語,5下,90,國立編譯館,text,12,偷火的普羅米修斯,"西方有一個關於火的神話。很久很久以前，地球上還沒有火，人們的生活十分艱苦。所有的食物都不能熟食，只能生吃；天寒地凍的冬天，也只能任由刺骨的風雪侵襲。
希臘眾神之一的普羅米修斯來到人間，看到這種情形，心裡非常難過。他想幫助這些人，又想起天神宙斯的禁令:「除了火以外，你可以送給人類任何禮物。因為高貴的火只能由眾神享有，所以必須留在奧林匹斯山上。」但是看到體弱的老人和小孩，因為受不了嚴寒，接二連三的凍死，普羅米修斯再也顧不了這麼多了。他下定決心，要把山上的神火偷到人間，給人類帶來幸福和光明。
普羅米修斯把他的心願告訴宙斯的女兒雅典娜，並且請求她的幫忙。於是趁著天神宙斯外出的時候，雅典娜偷偷帶著普羅米修斯由一條隱祕的小路，來到奧林匹斯山。這時太陽神阿波羅駕著他四輪的太陽車，正從東方駛回，普羅米修斯趕緊拿出預先藏好的火把伸進太陽車裡。不一會兒，火把點著了，普羅米修斯高興極了，他高舉著燃燒的火把，飛快的奔向人間。
起初，人們對這從未見過的火，感到十分害怕，這到底是什麼怪物呢？它不但會發熱、發光，還會吐出熊熊的火舌來。後來在普羅米修斯的指導下，人們才敢一步一步的靠近火，學習用火來燒煮食物，用火來禦寒取暖，享受著火帶來的光明和溫暖。
當宙斯回到奥林匹斯山後，夜晚俯視人間，竟然見到四處都是閃亮的營火。宙斯憤怒極了，他決定要給偷火的人最嚴厲的懲罰。於是叫人把普羅米修斯押到荒涼無比的高加索山，用鐵釘把他牢牢的釘在山壁上，任憑風吹雨打，又叫一隻兇惡的老鷹每天去啄食他的身子。日復一日，年復一年，普羅米修斯受盡了痛苦和折磨，但他堅毅不屈，始終都不後悔。
普羅米修斯為了帶給人類光明與希望，不惜以自己的痛苦，換取人類的幸福。大家感激普羅米修斯，尊稱他是「人類的恩神」。他的名字成為希臘神話中正義的象徵，世世代代受到人們的歌頌與懷念。"
D058,國語,5下,90,國立編譯館,text,13,鄭教授訪問記,"快樂兒童是我們學校每個月出版一次物，丁新、張玉珊和我都是這份月刊的「小記者」。前幾天，指導老師和我們討論下一期的專題內容，大家決定用「神秘的南極洲」當主題，寫一篇訪問記。星期天的早晨，我們帶著錄音機、紙、筆和相機，來到專門研究地球科學的鄭教授的家，在幽靜雅緻的書房裡，她接受了我們的訪問。
神秘的南極洲
訪問對象：鄭教授
時間：○月○日星期天
地點：鄭教授的家
記者：丁新、張玉珊、王小美
紀錄：王小美
丁新：「鄭教授，請問您，南極洲是一個什麼樣的地方呀？」
鄭教授想了想說：「啊！這個問題太大了。這樣說吧，南極洲是一片被冰雪覆蓋的大地，最厚的冰層有四千多公尺，高山、深谷都隱藏在這個大冰帽子下面，地球上百分之九十的冰都集中在這裡。有科學家說，如果南極洲的冰融化了，海平面會上升，世界上很多沿海低地就會消失在大海裡。」
張玉珊：「鄭教授，南極洲有人居住嗎？」
鄭教授笑笑說：「那裡幾乎是沒有人居住的。因為在這個冰天雪地裡，只有少數的藻類和地衣可以生長。在這裡，人類也顯得特別脆弱，惡劣的天氣，急降的溫度，隨時都能奪走可貴的生命。有趣的是，在這裡卻有許多海鳥、企鵝、海豹和鯨魚依靠著海洋的資源生活，自然界真的是很奇妙。」
張玉珊問：「聽說有一些科學家在那兒進行探測，是真的嗎？」
鄭教授說：「有，在南極洲有一些科學家，正在從事各種探測。他們共同研究南極洲的地質，想知道在冰層下是不是藏著豐富的礦物資源。他們也共同研究南極洲上空的『臭氧層』，想知道為什麼它會破一個洞。科學家們因心繫未來地球的生存，在惡劣的生活環境中與大自然搏鬥，真是讓人感動佩服！」
丁新問：「南極洲沒有夏天嗎？」
鄭教授說：「南極洲的夏天是每一年的十一月到第二年的二月，縱然是夏天，氣溫在冰點以上的日子也只有二十多天，這時候，寒湖初融，一個個澄澈的小水潭，就像鑲在白色緞子上各式各樣的藍寶石，真是美極了！」
張玉珊問：「聽說南極洲有半年時光太陽不下山，是真的嗎？」
鄭教授說：「對，這是南極洲、北極海共有的奇景。在南極洲，每年從九月底開始，有將近半年的永晝期。這段期間，地球的另一端——北極海，卻進入見不到陽光的永夜期。地球的兩極，就這樣的晝與夜，光明與黑暗輪流交替。南極洲被大家稱為神祕大地，是有原因的呀！」
我們告別的時候，鄭教授還送了兩本有關南極洲的書給我們看呢！"
D059,國語,5下,90,國立編譯館,text,14,不會飛的鳥,"臺北市立動物園來了「貴客」，吸引了成千上萬的人去參觀，大家耐心的排隊等待著，為的就是要看一眼這稀有的動物——企鵝。
企鵝是生長在極寒冷的冰天雪地裡，被稱為不會飛的鳥，牠的翅膀像魚鰭，能跟海豚一般在碧波裡游泳，卻不能像海鳥一樣飛翔在蔚藍的天空。有的人說牠長得活潑可愛，有的人說牠看起來莊重沉穩。真的，企鵝白色的前胸，黑色的背部和翅膀，就像一位身穿燕尾服的紳士一樣，既漂亮又神氣。
據說，每年三月的秋季，企鵝們度過快樂的夏日假期，紛紛從海邊回到內陸老家，有的搖搖擺擺的走著，有的用前胸在寒冰上滑行，不知怎麼回事，在茫茫的冰天雪地裡，牠們總能找到大家年年相聚集的老地方。在這裡，牠們尋求到自己的伴侶，用小石塊築成簡單的家，彼此相偎依，哪怕被暴風雪淹沒了，牠們仍然昂首挺立，一步也不離開。
我們常說：「可憐天下父母心。」這句話用在企鵝身上一點兒也不假。每年四、五月間，懷孕的雌企鵝會生下唯一的一隻蛋，牠把這珍貴的蛋，很小心的交給和牠相依為命的雄企鵝後，再回到那遙遠的海邊，為未來的新生兒覓食去了。而雄企鵝把蛋小心翼翼的放在自己的雙腳上，用最溫暖的下腹部孵著，就這樣，一動也不動的，和其他的雄企鵝挨在一起，在冬季酷寒的暴風雪中相互取暖。等雌企鵝在海邊吃夠了食物，補足了體力歸來，小企鵝破殼而出時，所享受到的第一餐，就是雌企鵝餵給牠的美食。這時，牠的爸爸卻已瘦得只剩下皮包骨了。"
D060,國語,5下,90,國立編譯館,text,附錄四,早發白帝城,"導讀
本文是取材自李白「早發白帝城」詩的遊記，靈活應用對比和襯托的寫法，一面寫從四川白帝城到湖北江陵，兩地相距「千里」；一面則寫水急船輕，當天就可到達。加上不停啼叫的猿聲襯托，雖然沒有直接描寫船走得快，卻已經烘托出船隻的輕快，和李白暢快的心情。
小朋友，讀完這篇遊記，相信能帶著你進入李白詩歌原作的意境，愉快的陪著李白，來一趟長江三峽的文學之旅。
這是一個晴朗的早晨，初升的太陽把雲霧照射得五光十色。李白從四川白帝城上船，準備到湖北江陵去。
船走了不久，就進入了三峽。三峽是瞿塘峽、巫峽、西陵峽，兩岸都是連綿不斷的高山，把長江夾在中間，像一條彎彎曲曲的巷子，約有七百里長。長江在三峽的一段，江面很窄，水流很急，船在江上航行，被急流的江水推送著，快得好像在空中飛一樣。出了三峽，再行幾百里的航程，就可以到達江陵。
李白回頭看看白帝城，已經掩沒在彩雲中間，看不見了。他開始計算航程，當天晚上能不能到達江陵。古代相傳：江陵距離白帝城一千二百里，夏天水漲的日子，順流行船，早晨從白帝城出發，當晚就能到達。
三峽兩岸的高山連綿不斷，到處都有猿猴的啼聲，一聲接著一聲，叫個不停。路過這裡的旅客，聽到凄切的猿啼，常常會不知不覺的流下淚來。但是李白這時候坐在船上，水急船輕，又穩又快，身子好像騰雲駕霧一般。兩岸不斷的猿啼，和著風聲、水聲，好像大自然的樂隊，正在演奏一首進行曲。
不知不覺中，船已經出了三峽。李白覺得眼前一亮，立刻看到天空地闊，江面寬大，果然當天晚上，就到了江陵。下船以後，他還有全身舒暢的感覺。
於是，他寫了一首早發白帝城的詩：
朝辭白帝彩雲間，千里江陵一日還。兩岸猿聲啼不住，輕舟已過萬重山。
想一想下列的問題：
1.這趟搭船的旅程，李白的心情怎樣？你是怎麼看出來的？
2.本文裡提到兩岸的猿聲，在文章裡有什麼特別的意思？
3.李白在「早發白帝城」這首詩裡，怎樣描寫船隻的輕快？"
D061,國語,5下,88,國立編譯館,text,8,武王伐紂,"商朝末年，紂王非常暴虐，周武王決心要出兵討伐這個暴君。
那時候，精通兵法、足智多謀的呂尚，做武王的軍師。他本姓姜，原為周文王的老臣，所以別人都尊稱他姜太公。
為了充分明瞭敵情，姜太公派人在紂王的京城裏探聽一切，隨時報告。有一次，派去的人帶回來消息：「紂王因為他的叔父比干常常規諫他，就把比干殺了，他的臣子們都很憤慨。」
武王聽到這個消息，問姜太公：「紂王這樣殘暴，他的臣子們都已離心，我們可以趁這個機會出兵討伐他嗎？」
「時機還没有成熟。他只是殺他的自己人，一般老百姓未必都知道。」姜太公搖搖頭說。
過了一些時候，又有新消息來了：「紂王的叔父箕子常常規諫紂王，紂王不但不聽，反而把他關起來。」同時還聽說：「紂王在冬天的早晨，看見一個農民赤腳涉水，他覺得非常奇怪，這個人為什麼不怕冷？就下令把他捉來，剖開足脛加以研究。」
這一次，武王認為是一個不可多得的好機會，又問姜太公：「我們可以出兵了嗎？」
姜太公沈吟了一會兒，還是搖搖頭說：「再等一個時期！」
又過了一些時候，有人把最新的消息帶回來：「紂王怕老百姓在背後批評他，下令老百姓不准兩個人在一起講話，現在朝歌城裏，兩個熟識的人在路上碰見了。只是你望望我，我望望你，不敢交談。」
一聽到這個報告，姜太公不等武王問他，立刻去對武王說：「我們可以出兵了！」武王聽了太公的話，就舉行誓師典禮，出兵伐紂。
在這一次誓師典禮中，發表了一篇富有歷史意義的宣言：列舉紂王的暴行，說他怎樣殺害忠良，怎樣荼毒百姓，罪證確鑿；又用對照的方式，說明紂王雖有臣民億萬人，但分離為億萬心，武王只有臣民三千人，卻結合為一條心。結果，武王就憑這三千人一條心的團結力量，打敗了紂王這個殘暴的獨夫。"
D062,國語,5下,88,國立編譯館,text,20,少年時代的史懷哲,"史懷哲是二十世紀一位偉大的醫生。他是德國人。從學校畢業以後，就放棄了高薪的工作和個人生活的享受，到非洲的
蠻荒地區去，在叢林裏創建醫院，替當地的土人治療疾病，鼓勵他們耕種，並且設法改善他們的生活。一直到他去世為止，總共有五十多年的光陰，都奉獻給非洲。因此，非洲土人尊稱他為「父親」。
史懷哲從小就充滿愛心。有一次，他跟同伴比賽角力，較量的結果，他占了上風，可是被他摔倒的同伴，從地上爬起來，一面拍拍身上的灰塵，一面大聲的說：「如果我跟你一樣，每個禮拜喝兩次肉湯的話，我就不會輸給你了。」史懷哲聽了，覺得很難過；開始注意到，並不是每個人都和他一樣衣食無缺，世界上確實有很多貧苦和不幸的人。
史懷哲七、八歲的時候，同伴約他到山中去打鳥。他們一到森林裏，同伴立刻熟練的蹲到樹後，聚精會神的用彈弓挾著小石子，瞄準鳥兒。史懷哲跟著做了。但是，當他蹲下來瞄準的時候，他聽到了遠處教堂傳來的鐘聲。悠揚的鐘聲裏，鳥兒仍舊自由自在的跳著、叫著。史懷哲立刻把彈弓扔了，趕走小鳥，一口氣跑回家去。以後，每當教堂的鐘聲響徹林梢，他仿佛就聽到這樣的聲音：「不要殺害生命。」
還有一次，史懷哲跟幾個同學到溪邊釣魚。他看到他們把活生生的蚯蚓，穿進釣鈎裏做魚餌，他嚇得目瞪口呆。他們一釣到魚，就把釣竿猛力拉起，從鈎上取下魚來，魚嘴都裂開了，不停的滴著血，可是他們都若無其事的樣子；史懷哲看到這種情形，就不再跟他們釣魚了。
從這些故事裏，我們可以知道，史懷哲從小就有悲天憫人的愛心。後來他到非洲叢林裏行醫，就是用行動來實現愛與和平的願望，勸勉人們：要互助合作，不可互相殘殺；要愛護動物，不可任意虐待。關心別人，尊重生命，史懷哲這一切愛的表現，我們都可以在他少年時代的生活裏找到答案。"
D063,國語,5下,81,國立編譯館,text,16,揭開天空的祕密,"有一年，一個荷蘭人偶然把兩片玻璃，一片貼近眼睛，另一片距離兩尺光景，從這兩片玻璃看出去，看見物象是倒立的，而且比平常所見的大得多。這件事太奇怪了，究竟是什麼原因，他自己也不知道，一般人更莫名其妙。
伽利略聽到了這個消息，日夜思考，要探求其中的道理。他想：「兩片玻璃是平的呢，還是凸的？決不是平的，平玻璃不能使光線曲射過來；那麼是兩片凹的，或是兩片凸的？再不然是凹凸各一片了。到底那一種猜測對呢？」
於是他一面試驗，一面構想；不欠他悟出了物象會放大的原理，就利用這原理造成了一架望遠鏡，這架望遠鏡自然勝過那荷蘭人的兩片玻璃。從他的望遠鏡裏望出去，物象是直立
的正影了。
但是他還不滿足。六個月之後，他又製造了一架更好的望遠鏡，能把物象放大一千倍，攝近三十倍。得到這一架望遠鏡的助力，用來看天，可以看見從來看不見的星星，這是他研究天文的開始。
在一個無雲的晚上，伽利略把鏡頭轉向月亮，他看清楚了月亮的真面目。幾千年來，没有一個人不以為月亮是皎潔無瑕、光滑晶瑩的；但是他這次看見的月亮卻高低不平，布滿了陰影和強光，這才知道古人所說月亮像鏡子一樣平的話，並不確切。他說:「月亮和地球是同樣的東西，上面也有山谷。」
他用望遠鏡看太陽，只見太陽球面上有無數的黑點。他接連看了許多天，又發現那些黑點有時移動了，有時消失了，有時又重見了。這是怎麼一回事呢？
他最後發表說:「太陽是像陀螺一樣旋轉著的。」
晚間晴朗的天空，不是有一條銀河嗎？他也用望遠鏡仔細觀察。依據他當時看到的情形，他說:「那是無量數的星星集合在一起，因為距離太遠，所以我們看不清楚，只看到銀色的光帶。」
他揭開天空的秘密了!"
D064,國語,5下,71,國立編譯館,text,21,太空英雄,"阿姆斯壯、艾德林、柯林斯，這三個人的名字，將永遠寫在歷史上，受後人的紀念、景仰。他們是第一批登陸月球的三個太空英雄。
他們坐在太空船裏，被火箭推送升空，在太空中飛行了五天，降落在月球上。第一個踏上月球表面，是阿姆斯壯。他慢慢的伸下腿來，在月球表面留下一個清楚的腳印，透過人造衛星的轉播，我們從電視機的螢光幕上，看見了這個腳印；並且聽見他從月球上傳來的聲音。
他說：「對我個人來說，這是一小步；但是，對人類來說，這是一大步。」
人類登上月球的試驗，到底成功了。這是一件多麼令人興奮的大事！為了試驗登月，五十萬人工作了九年，失敗過十三次；最後克服了所有的困難。阿姆斯壯和艾德林，在月球表面上做了很多事：把科學家要他們帶去的幾種儀器，放在月球上；用電視攝影機，把他們在月球上活動的情形，傳回地面；收集月球上的岩石，帶回地球供科學家分析研究。阿姆斯壯和艾德林在月球上忙碌，柯林斯駕駛著指揮艙，在太空中繞著月球飛行，等著接這兩個人一同飛回地球。
太空人一面在遙遠的天上探險，一面跟地面上的管制中心通話。他們在無線電話裏面說：太空的景色十分壯麗，月球的顏色，隨著太陽光線的角度變化，有時候是灰色，有時候是棕色或黄色。他們在太空中看地球，也像在地球上看月球一樣，看見一個圓形有光的星體。他們在太空中看見很多星體，他們說：還是地球最美。由於月球的引力比地球的引力小，阿姆斯壯和艾德林走路的時候，都輕飄飄的跳者；地面管制中心怕他們在坎坷不平的月球表面上跌倒，一再通知他們要小心。地面人員在緊張忙碌之中，還說了一個笑話，他們對月球上的太空英雄說：「有個美麗的女孩子，帶著一隻兔子，住在月球上，你們可要好好的找一找。」地面人員所說的這個女孩子，就是中國神話裏的嫦娥。
太空人在地面管制中心的指揮之下，按照預定的時間表，完成一切工作。他們坐著登陸小艇，離開月球，與柯林斯駕駛的指揮艙會合、連接，飛回地球。當他們在太平洋的水面上降落的時候，一艘軍艦早已在預定的地點迎接。這一次登月計畫，完全成功，為以後的太空探險，星際交通，打開了大門。"
D065,國語,5下,69,國立編譯館,text,12,母親節的禮物,"母親節快到了。小昌心裏想著：母親為他辛苦，每天到工廠去做工。今年的母親節，他一定要把兩年來儲蓄的零用錢，拿出來買一樣禮物送給母親。
兩年前，小昌的母親就到工廠去做工。母親很愛小昌，每天早晨離家的時候，總要給他一塊錢零用。可是小昌第一次從母親手裏接錢的時候，心裏就想著：母親掙錢不容易，這錢不能亂用，還是存起來好。從那一天起，小昌就把每天的一塊零用錢，藏在鐵罐裏面。兩年來天天如此，連他母親也不知道。
兩個月以前，母親生病出院以後，一直請假在家裏休養。因為希望身體早日復原，要打昂貴的補針，向隔壁吳伯伯借了五百元。這兩個月，小昌也就没有零用錢了。現在，母親的健康恢復了，又繼續去做工。
這天傍晚，天快黑了，母親還沒有放工。小昌非常焦急的站在門口，等母親回來。過了一會兒，母親回來了。小昌很高興的跑向前去，叫了一聲「媽」。但是母親垂著頭，不想講話；小昌以為母親又病了。
一會兒，外面有人叫門。小昌出去開門一看，原來是隔壁吳伯伯。吳伯伯進來坐下以後，就對小昌的母親說：「大嫂！我現在急等著要錢用，你欠我的五百元，請你還給我。」
「對不起，吳伯伯。」小昌的母親陪著笑臉說：「我昨天才上工，今天向工廠裏借錢，手續還沒有辦好，所以現在不能還你。明天下午，我一定把錢送到府上去。」
吳伯伯聽了，很為難的說：「我並不想逼你還錢，可是我家小芬得了盲腸炎，住進醫院開刀，要繳醫藥費，怎麼辦？」
小昌聽到這兒，心裏明白了。他輕輕走到母親身後說：「媽，我有錢。」
母親很驚奇的回過頭來，看著小昌說「你那裏來的錢？」
小昌没有回答。他把藏錢的鐵罐拿來，打開罐蓋，拿出許多錢來。他說：「媽，您看！」
母親一看，果然是許多錢，就急忙幫小昌把錢都取出來，放到桌上一數，足足有六百多塊錢。母親先數了五百元還給吳伯伯，連說：「對不起，對不起！」吳伯伯拿著錢走了。小昌才對母親說：「這都是您給我的零用錢啊！我存了兩年，共有這麼多。本來是想買一件禮物，在母親節那天送給您的。」
母親激動得一時說不出話來，淚珠滾滾流下。突然，她把小昌摟在懷裏：「好孩子，你解決了我的困難，比送禮物給我更有用啊！」說著，在淚光中露出了欣慰的笑容。"
D066,國語,5上,87,國立編譯館,text,19,于伯伯返鄉探親,"鄰居于伯伯終於要回大陸去探親了。
于伯伯十幾歲還在讀中學的時候，因為時代動亂，和家人在逃難途中分散了，只好一個人跟隨國軍到了臺灣。那時候，于伯伯的生活很苦，尤其是剛從軍中退下來，在中學和大學半工半讀的時候，更是孤零零的一個人，吃不好、穿不好的；但是他還是咬緊牙根，一邊念書，一邊打工，完成了學業。後來他每一次提起這段生活，都難免感慨萬千。他常說，失去家庭溫暖的人，最可憐了，要是他能夠有機會再跟父母親生活在一起，重享天倫之樂，那該有多麼幸福啊！每一次我聽了，都不禁要暗自慶幸：我現在也十幾歲了，不但天天受到家人的照顧，而且還可以常常向于伯伯他們撒撒嬌呢！
于伯伯大學畢業後，生活慢慢安定下來，尤其是結了婚，生了于姊姊以後，他更能享受到家庭的温暖。從我懂事開始，于伯伯他們就是我們家的鄰居了。不但于伯伯、于媽媽都很疼我，就是于姊姊對我也很照顧。碰到功課有問題或想玩玩，我就去找他們。記得以前我們玩在一起的時候，搶東西，爭禮物，總是我贏，後來才知道都是他們讓我的；于伯伯還說，是逗著玩的呢。于媽媽說，像我們這兩家，就叫做「好鄰居」；于伯伯也常說：「遠親不如近鄰」。奇怪的是，于伯伯每次說「遠親」這句話的時候，不知道為什麼，臉色總是和原來不太一樣。
今年暑假，于姊姊申請到獎學金，到美國去留學了；于伯伯等了四十幾年，終於也可以回南京去探親了。于媽媽說，這就叫做「雙喜臨門」。我知道于伯伯平常愛用成語，看他最近在趕辦探親手續，又緊張又興奮的樣子，我改天要去問問他，這是不是可以叫做「近鄉情怯」？"
D067,國語,5上,86,國立編譯館,text,4,登陸月球,"阿姆斯壯、艾德林、柯林斯這三個人，是第一批登陸月球的太空英雄。
他們坐在太空船裡，被火箭推送到天空去，在太空中飛行了五天，才降落在月球上。第一個踏上月球表面的，是阿姆斯壯。他慢慢的伸下腿來，在月球表面上留下了清楚的腳印。他說：「對我個人來說，這是一小步；但是，對人類來說，這是一大步。」
阿姆斯壯和艾德林用電視攝影機，把他們在月球上活動的情形，傳回地面；同時，也收集月球上的岩石，要帶回地球供科學家分析研究。他們兩個人在月球上忙碌著。柯林斯負責的工作，是駕駛著指揮艙，在太空中繞著月球飛行，等待這兩個人完成工作，一同飛回地球去。
太空英雄一面在太空中探險，一面跟地面上的管制中心通話。他們說，太空的景色十分壯麗。月球的顏色，隨著太陽光線的角度變化，有時候是灰色，有時候是棕色或黃色。他們在太空中看地球，就像在地球上看月球一樣，只看到一個圓形有光的星體。他們說，太空中有許多星體，比較起來，還是地球最美。
地面管制中心的人員，在緊張的工作中，還忙裡偷閒的對月球上的太空英雄，說了一個笑話：「有個美麗的女孩子，帶著一隻兔子，住在月球上，你們可要好好的找一找。」他們所說的這個女孩子，就是嫦娥。
太空英雄在地面管制中心的指揮下，終於按照預定的時間表，完成了人類登上月球的試驗。他們為以後的太空探險，打開了大門；他們的名字會永遠寫在人類的歷史上，受到後人的懷念和景仰。"
D068,國語,4上,88,國立編譯館,text,1,黃狗有了新家,"一天下午，丁小鳳放學回家，看見門口趴著一隻狗。那是一隻又瘦又髒的黃狗。牠那餓得有氣無力的樣子，垂著頭，縮的身子，叫人看了真是難過。小鳳請媽媽出來看，還拿了一些吃的東西去餵牠。
那天晚上，小鳳做好了功課，看見爸爸、媽媽都在客廳裡，就走過去跟媽媽說：「那隻狗沒有家，我想養牠。」媽媽看著爸爸，爸爸看著媽媽。小鳳趕緊撒嬌說：「媽媽，好不好嘛！」
媽媽想了一會兒，才說：「讓媽媽跟爸爸商量以後再說吧。你先去睡好不好？」
小鳳說：「好。可是你們要趕快商量呵。」又自言自語的說：「那隻狗好可憐！」
小鳳回房以後，媽媽對爸爸說：「我很想答應她，因為我也覺得那隻狗很可憐。」
爸爸說：「當然，當然，我也知道那隻狗很可憐，我回家的時候就看到了。可是你有沒有想過，也許這隻狗是別人家的狗，也許這隻狗有什麼疾病。這些事情總得先弄清楚才好。」
媽媽說：「只要你不反對，我們就一起來把它弄清楚吧。」爸爸就點頭答應了。
第二天，爸爸去找鄰長，問起那隻黃狗的來歷。鄰長告訴爸爸，那是巷子口一戶人家養的狗。前些日子，那戶人家搬走了，就把狗扔下不管。鄰長嘆了一口氣說：「太不應該了！」
媽媽也去找董阿姨。董阿姨是一位獸醫，也是一個愛狗的人，家裡已經收養了五隻流浪狗。她一聽媽媽也想收養一隻流浪狗，就讚美媽媽有愛心。媽媽特地叫了計程車，請她到門口來看那隻黃狗。董阿姨經驗老到，仔細看過那隻狗，就告訴媽媽說，那隻狗沒有什麼疾病，請媽媽放心。
這天下午，小鳳放學回家，先看看狗，再去問媽媽：「你們商量好了嗎？」
媽媽說：「要是我讓黃狗住進我們的家，你高興不高興？」
小鳳說：「好哇，好哇，謝謝媽媽！」
媽媽說：「不過，你得答應跟媽媽一起照顧這隻狗。如果你辦得到，一切問題就都解決了。」
小鳳不停的點著頭說：「一定，一定！」又歡呼說：「黃狗有新家啦！」一轉身就跑去開大門去了。"
D069,國語,4上,88,國立編譯館,text,2,畫一張大表格,"珊珊喜歡收集郵票。她收集的都是國內郵票。
有一天，爸爸正在讀一封信。珊珊看了看信封上貼的郵票，很高興的說：「這是日本郵票！」
正在讀信的爸爸抬頭問她：「你怎麼知道是日本郵票？」
珊珊說：「您看，郵票上面不是有『日本郵便』四個字嗎？」
爸爸說：「不錯，不錯，你很細心。這是姑姑從日本寄來的信。」又說：「你不是很喜歡收集郵票嗎？這張郵票就給你好了。」從此以後，珊珊就開始收集外國郵票了。
過了一段日子，珊珊捧著一本新買的集郵冊去找爸爸。珊珊說：「爸爸，我已經有了日本郵票、韓國郵票、泰國郵票、美國郵票。我想收集世界各國的郵票，每個國家至少有一張。我應該怎麼去做？」
爸爸說：「這真是一個大計畫！這樣吧，你可以畫一張表格，把你知道的國名都寫在上面。你收集到哪一個國家的郵票，就在國名後面打勾。這樣，你就可以知道哪些國家的郵票你已經有了，哪些國家的郵票你還沒收集到。」
珊珊說：「可是，我不知道全世界到底有多少個國家。我想多知道一些國家的名稱。」
爸爸說：「明天是星期日，我們就在家裡一起查資料好了。」
第二天，珊珊跟著爸爸一起在書房裡尋找資料。爸爸查百科全書。珊珊查「世界萬國旗」掛圖，查最新的世界地圖。他們把查到的都記了下來，一共記下了一百多個國名。
查完資料以後，兩個人也累了。珊珊趕緊拿來吸管和兩罐果汁，跟爸爸一起喝。爸爸說：「有了資料，下午你就可以畫表格了。」
正在喝果汁的珊珊，鬆口放開了吸管，抬頭笑著說：「一定是一張很大很大的表格！」"
D070,國語,4上,88,國立編譯館,text,4,回家商量──短劇,"時間：星期日下午。
地點：公寓二樓的客廳。
人物：小英──國小四年級女生。爸爸──小英的爸爸。媽媽──小英的媽媽。建華──小英的舅舅。舅媽──小英的舅媽。毛毛──小英的表弟，五歲。
布景：舞臺左側是通樓梯的廳門。右側是兩間臥室的兩個房門。舞臺後側右邊是小通道，可以通到廚房。客廳中間有一套沙發和一張矮桌。
（開幕）
爸爸：（從外面打開門鎖，走進客廳。）我回來啦！
小英：（打開房門走出來）爸爸，您回來啦！我還以為是舅舅他們來了呢！
爸爸：舅舅？
媽媽：（從通道走出來，身上繫著做飯的圍裙。）你回來啦！公車擠不擠？
爸爸：把我擠扁了。對了，剛剛小英說舅舅要來？
媽媽：是啊。建華他們一家去旅遊，今天回家。他們買了一些特產，說要順路帶來給我們。我就留他們在這兒吃了碗飯再回去。
爸爸：好極了。對了，趁著你們兩個都在這兒，我要宣布一個好消息。我決定買車啦！
小英：（拍手）好哇，好哇，以後我們可以開車去旅遊了！
媽媽：買車？你找到停車位了嗎？
爸爸：停車位？可以停在樓下呀！
媽媽：停在樓下？那麼你叫三樓李家把車子停在哪兒？
爸爸：要不然，我把車子停在別的地方好了。
媽媽：別的地方？巷子裡早已經停滿了車子，你又不是不知道。
爸爸：對啦，我可以跟老李約定，誰先到家誰先停。
媽媽：行嗎？再說，我也不贊成你下班開快車回家！
（電鈴響）
小英：（搶先跑了過去，拿起對講機。）請問是哪一位？啊，舅媽！快上來，快上來！（按開樓下鐵門的電鎖，然後打開廳門向樓下跑。）
（舅媽一手提著帶來的特產，一手拉著小表弟，走了進來。小英跟在後面，手裡捧著舅媽拿不了的一盒禮物。）
媽媽：（上前歡迎）你們來啦！建華呢？
舅媽：找停車位去了。你們這裡跟我們那裡一樣，車子都停滿了。
小英：我爸爸要買車了！
舅媽：買車？我看──
（舅媽的話被打斷了）
（表弟開始鬧著要回家）
表弟：我要回家！我要回家！
舅媽：（對媽媽說）他累了。
小英：毛毛乖！我帶你去玩小汽車。（把表弟帶進自己的房間）
舅媽：（對媽媽說）你做什麼菜？我們一起來。（跟媽媽走進廚房）
（爸爸一個人在客廳裡踱來踱去，然後又坐了下來，雙臂交叉放在胸前，靜靜的想。）
（音樂響起，配合著誇張的時鐘滴答聲）
（電鈴響）
爸爸：（嚇了一跳，跑過去拿起對講機。）哦，是建華。快上來，快上來！（按開電鎖，打開廳門。）
（媽媽、舅媽、小英、表弟，也都跑了出來）
舅舅：（進門）真辛苦，真辛苦，找了半天才找到停車位！
舅媽：你把車子停在哪兒啊？
舅舅：和平東路三段。
舅媽：那不是離我們家很近嗎？
舅舅：誰說不是。有什麼辦法！
舅媽：剛剛姐夫還說要買車呢！
舅舅：千萬別買。拜託！
爸爸：你也說不能買？
舅舅：當然。你看我多辛苦。
媽媽：（對爸爸說）我來問你。你是不是已經跟人家簽了約啦？你是不是已經付了錢啦？
爸爸：沒有沒有。我做事都是按規矩來的。
媽媽：什麼規矩？
爸爸：你定的規矩，你忘啦？「無論什麼事情，都要回家商量再做決定」。
舅媽：（笑著對舅舅說）你聽見了沒有？
舅舅：好規矩，好規矩！我要是早跟你學，我也不會買車啦！（哈哈大笑）
（爸爸、媽媽、舅媽，都笑了起來，連表弟也跟著嘻嘻的笑。）
小英：好可惜呀！
（音樂響起）
（閉幕）"
D071,國語,4上,88,國立編譯館,text,8,大峽谷的回憶──日記,"○月○日　星期○　天氣晴
今天，全家人旅遊大峽谷的照片終於洗出來了。
回到臺灣已經一個星期，但大峽谷的景色，依然在我的腦海裡回旋。連著幾天的睡夢中，都好像還在科羅拉多河上，與浪共舞。
科羅拉多河從大峽谷穿過去，因為部分河道落差很大，所以水流十分湍急。大峽谷兩岸垂直的峽壁，從谷底高高拔起，極為壯觀，遠遠望去，簡直就像一座巨大無比的天然屏風。當我們乘坐小飛機飛越峽谷的時候，可以看到峽壁上滿布著風雨和河水雕刻過的痕跡，訴說的大河歲月的故事。
為了真正體會探險的樂趣，我們參加了一段科羅拉多河泛舟行。金色的陽光，溫柔的輕吻山壁，我們穿好了救生衣，乘著橡皮艇，破浪前進！浪花拍打在我們身上，我們一點兒也感覺不到涼意，只是全力的划著船槳，聽從教練的指揮，讓船飛快了越過許多急流，躲過突起的岩石，同時還得小心偶爾出現的漩渦。忽然，一個巨浪把船舉起來，再來一個巨浪，把船擊下去，驚叫間，我們居然平安的通過了險灘。橡皮艇平穩的繼續前進，而這個時候，白雲淡淡，清風習習……。
看著照片，想著大峽谷的風光和河上的那一段驚險，全家人都認為，這是我們永遠難以忘懷的回憶。"
D072,國語,4上,88,國立編譯館,text,9,藏身高手,"動物群居的奇幻谷，是一個充滿歡樂的地方。這兒每隔一段時間，就會舉辦有趣的競賽活動，讓住在谷裡的居民，施展才能，大顯身手。他們舉辦過跑得最慢的比賽，冠軍得主是烏龜；嘴巴張得最大的比賽，第一名是鱷魚；叫聲最長的比賽，得到勝利的是灰狼。還有許多的比賽，都讓大家玩得歡喜盡興。
當奇幻谷的竹子，挺直了腰身，擺動嬌綠嫩葉的那一天，動物們又舉辦了一場趣味競賽──躲貓貓。地點就在竹林附近。許多動物都報了名，烏龜、鱷魚、灰狼當然也來了。可愛的小白兔是這一次活動的裁判，眼光銳利的老鷹負責搜尋。裁判的哨音一響起，所有參加的動物，立刻展開藏身行動。再一聲哨音，老鷹開始尋找。
長頸鹿最先被老鷹找到。老鷹一抬眼，就看到他那藏也藏不住的長脖子。烏龜第二個被找到，他以為把頭縮進自己的龜殼裡，別人就看不到他。然後是鱷魚，他躲在水裡，卻露出了一對圓鼓鼓的眼睛，骨碌碌的轉個不停。不久，灰狼也被找出來，他躲在一棵矮木叢後面，本來藏得很好，茂密的樹葉遮住了他，不料尾巴不聽話，老是擺來擺去，當然就被老鷹發現了。
漸漸的，參賽的動物一個一個被找出來，只剩竹節蟲與枯葉蝶，不論老鷹怎麼找，就是找不到！終於，老鷹投降了，高聲的請他們現身。「啊！」大家發出驚嘆。竹節蟲與枯葉蝶就近在眼前，竹節蟲和竹子的細枝簡直一模一樣，而枯葉蝶掛在枯枝上面，活像一片枯葉。他們偽裝的工夫，躲過了老鷹銳利的眼睛，的確是藏身高手，讓大家心服。
小白兔宣布：奇幻谷「躲貓貓」比賽，竹節蟲與枯葉蝶勝利！"
D073,國語,4上,88,國立編譯館,text,11,因材施教的孔子,"二千五百年前，中國出現了一位偉大的教育家──孔子。他一生教了三千多個學生，有七十二位是特別傑出的。孔子的學說，對中國文化有很大的影響；孔子的教學，更是教育成功的模範。
子貢是孔子的學生裡最有錢的人，因為他頭腦靈活，會做生意。有一次，子貢問孔子：「富有的人如果能不驕傲，貧窮的人也能不巴結人，您覺得怎麼樣呢？」孔子一聽，就知道子貢在自誇了，於是說：「這種人當然很好，但如果窮了還能自得其樂，富有了還能重禮守法，這種人就更可貴了。」孔子的回答，在批評裡包含了對子貢的期望。子貢原本口才好，說起話來滔滔不絕，這時也心悅誠服的接受了孔子的教導。
子路是孔子的學生裡最熱情的一位，他願意把自己漂亮的衣服、華麗的車馬和朋友分享，一點兒也不小氣。但子路的性情有些急躁，有一回，孔子和學生談到每個人未來的發展，別人還沒說話，子路就迫不及待的發表了一番意見。孔子聽了微微一笑，並不說些什麼。別的學生問孔子笑什麼，孔子說：「由說他可以治理大國，治國要講禮，他性子這麼急，連說話都不知禮讓，還談什麼治國啊！」子路聽到了，心服口服，因為老師一眼看穿了他的大毛病。
子貢、子路都是孔子的好學生，但孔子最喜歡的學生還是顏回。顏回家裡窮，住在破屋子裡，過著粗茶淡飯的日子，但仍快快樂樂的用功讀書。他從來不亂發脾氣，同樣的過錯，不犯第二次，沒有人比得上。他讀書做人的態度很得到孔子的讚賞。
孔子有這麼多不同的學生，他不但對他們一視同仁，也留心學生不同的個性，給他們不同的指導，這就是「因材施教」，所以孔子是中國最偉大的老師。"
D074,國語,4上,88,國立編譯館,text,12,馬偕在臺灣,"一百二十多年前，加拿大青年馬偕懷抱著宗教家的熱情，來到了臺灣北部的淡水。淡水河兩岸，春天的平原碧草遍地，百花齊放，一些小小的農家，隱隱約約的藏在樹叢裡。近處的觀音山秀麗挺拔，遠方的大屯山峻偉高大。眼前的美景，深深的吸引了馬偕，他決定在這裡留下來。
一到淡水，馬偕就急著要學閩南話。他沒有老師，也沒有課本，只好去田間四處走走，希望農人能教他。可是農人總是奇怪的看著他，避開這個長著大鬍子的外國人。一天，他在山坡上遇到了幾個放牛的孩子，馬偕試著和他們打招呼，這些孩子起出非常吃驚，但是很快的就和馬偕交上了朋友。從此，馬偕白天去山坡上和放牛的孩子學閩南話，晚上在屋裡大聲練習。五個月以後，他已經能用閩南話傳教了，當地人看到這個洋人捲著舌頭說閩南話，都忍不住哈哈大笑。馬偕就這樣慢慢的和他們打成一片，並且得到了許多人的尊敬。幾年後，他取了一位臺灣姑娘，在臺灣有了溫暖的家。
馬偕是臺灣北部的第一位外國傳教士，為了傳教，他走過了臺灣北部各地，並且遠到宜蘭、花蓮，深入原住民部落。當時的臺灣，醫藥不發達，牙醫也很少，滿懷愛心的馬偕一方面四處傳教，一方面幫人家治病、拔牙。他拜託其他的外國醫生加入他的治病工作，又請外國朋友捐錢來蓋醫院，在他的努力下，終於建立了淡水「偕醫館」，就是後來的馬偕醫院。
馬偕在淡水生活了三十年，直到生命的終點。他給這兒的人們留下了愛的禮物，他的一生像一根蠟燭，燃燒自己，給我們帶來了溫暖和光明。"
D075,國語,4上,88,國立編譯館,text,13,科學家與同情心,"是什麼點燃了科學家研究發明的熱情呢？可能是因為他們的好奇心，想探究天文地理的奧妙；也可能是因為對人類的同情與關懷，希望人們能生活得更好。我國古代有許多了不起的科學家，他們的科學成就，就是源於他們的同情心。
例如東漢的張衡，他是位文學家，對科學也很感興趣。當時，經常發生地震，地震一來，地動山搖，江河亂流，讓許多人失去了寶貴的生命。張衡心想：「如果能記下地震發生的時間、地點，也許就有辦法預測地震了。」經過很久的實驗，他發明了「候風地動儀」，能精確的記下幾千里外的地震，這是世界上第一架研究地震的儀器。
再如東漢的華佗，是位醫術出神入化的名醫。他見到有些病吃藥不管用，人們被病痛折磨，心裡非常不忍，想要把病人的肚子打開來，徹底醫治。可是，要把病人的肚子剖開，那有多痛啊！於是，華佗開始研究能讓人不痛的藥，終於研配成了「麻沸散」。他用「麻沸散」把病人麻醉後，再施行精密的外科手術，就這樣，治好了許多人的病痛。
這些人所以能有傑出的科學成就，不但因為他們聰明努力，也因為他們能同情別人，關懷別人。其實同情心人人都有，我們同情孤苦的老人，同情啼哭的幼兒；但我們多半只是默默的付出同情，很少主動去探討解決痛苦的方法。張衡和華佗就不同，當他們見到別人受苦，就盡心盡力的去研究發明，終於有了科學上的突破。
所以說，同情心是張衡和華佗努力的原動力，他們不但促成了中國科學的發展，而其造福人類的精神，更是值得我們稱讚和學習。"
D076,國語,4上,88,國立編譯館,text,14,茶之鄉,"今天下午，王伯伯從南投縣鹿谷鄉來我們家，送給爸爸、媽媽兩罐茶葉和一大包筍乾。我和弟弟好開心，因為我們又會有美味可口的筍乾紅燒肉吃了。晚飯後，爸爸馬上就拿出他的紅泥小茶壺、小茶杯，和王伯伯面對面的品起茶來，他還笑著告訴我們說，飯後一杯茶，快活賽神仙呢！
去年春假，爸爸帶著我和弟弟，到王伯伯家住了兩天。王伯伯的家坐落在半山腰上，一行行整齊的茶樹，圍繞著古老的三合院，紅色的屋瓦，白色的圍牆，牆外還有一叢叢翠綠的竹子和開著粉紅花的高山杜鵑。站在門前一眼望去，從山腳到山頂，全都是茶樹，在藍天白雲下，綠得耀眼；就在這濃濃綠意中，點綴著疏疏落落的農舍，顯得特別安詳。才不過下午四點多，淡淡的霧氣就從山谷中湧起，遠山、農舍、茶園在雲霧裡若隱若現，真像一幅美麗的山水畫。
記得王伯伯還告訴我們，鹿谷出產的凍頂烏龍茶特別有名，所以又被稱為「茶之鄉」。在這裡，家家戶戶種茶，家家戶戶製茶。閒來無事，三五好友圍著茶桌前，喝喝好茶，談談茶經，把一天的辛勞，忘得一乾二淨。喝茶真是人生一大樂事。
今晚，我靜靜的坐在爸爸身旁，聽著爸爸和王伯伯怡然自得的笑語，聞著空氣中淡淡的茶香，我好像也體會到喝茶的樂趣了。"
D077,國語,4上,88,國立編譯館,text,15,參觀故宮博物院,"○月○日　星期○　天氣陰
今天一大早，全家人到故宮博物院去參觀。故宮博物院在臺北近郊的外雙溪，四面環山，林木蒼翠，是一座中國宮殿式的建築，裡面收藏了我國七千年的文化藝術寶物。爸爸說：「要看的東西太多了，我們先看青銅器和玉器，其他的留著下次再來參觀，這樣就可以仔細欣賞，不會走馬看花了。」
青銅器在一樓展出，負責講解的人告訴我們，這些精美的「鐘」和「鼎」，都是商代、周代時期造的。上面的文字，大多數是記載當時的一件大事，叮嚀子孫要永世珍藏。從這些文字，我們可以知道幾千年前的歷史。我忍不住跟弟弟說：「真了不起！」
最吸引人的是玉器，有些是古代皇帝用來賞玩的小擺設，像玉佛、玉如意、玉獅子、玉鼻煙壺等，件件都光滑細潤、生洞奇妙，讓人讚不絕口。尤其是那棵舉世聞名的「翠玉白菜」，潔白的菜梗，翠綠的菜葉，菜葉上還趴著兩隻精巧的紡織娘，雕得跟真的一樣，看得我目瞪口呆。而弟弟則盯著那塊油光光的「肉形石」左看右看，嘴裡還一直說：「哇！太像了，太像了！真想吃一口。」把旁邊的人都逗笑了。
回家的路上，爸爸告訴我們，中國人最愛玉，不但用來賞玩，古代皇帝還用玉器祭拜天地，祈求福佑。而這些精美的玉器，都是玉匠用心血一刀一刀雕琢出來的。聽了爸爸的話，我心中有說不出的感動，可是弟弟念念不忘的，卻還是他那塊「肉形石」呢！"
D078,國語,4上,88,國立編譯館,text,18,葉子哪兒去了,"春天來了，大地展現出一片生機。小鳥飛飛和翔翔迎著春風，愉快的在天空中飛來飛去。突然，他們發現一棵奇怪的樹，直立的樹幹，長著一身的瘤刺，褐色的枝條，從四面八方平伸出去，上頭開滿了橘紅色的花朵，卻看不到一片葉子。
翔翔歪著頭說：「這是什麼怪樹啊？光開花不長葉子。」飛飛說：「誰知道！我從來沒見過。我們去問樹上的那些花朵好了！」沒想到花朵漲紅著臉說：「連我自己到現在都還沒見過一片葉子呢！」他們只好飛回家找媽媽，媽媽聽了笑著說：「你們可以試著上圖書館查書啊！」於是他們拍拍翅膀，向「森林圖書館」飛去。
圖書館裡靜悄悄的，滿屋子的書，兩兄弟興奮的衝向書架，一本一本的找了起來。過了一會兒，飛飛輕聲的問：「你找得怎麼樣？」翔翔低著頭說：「我已經找了兩個書櫃，還沒找到。」飛飛不耐煩的說：「這麼多書，要找到什麼時候啊！」
「小兄弟，你別急！」管理員貓頭鷹先生親切的說：「需要我幫忙嗎？」翔翔說：「謝謝你！我們要查一種怪樹，他只有花沒有葉子。」貓頭鷹說：「只要懂得方法，就能很快找到答案。」飛飛大感興趣，連忙問：「什麼方法？」貓頭鷹指著圖書分類表說：「圖書館的書是按性質分類的，每本書都有他自己的書碼，就可以知道放在哪個書架；也可以直接到植物類的書架上找到植物圖鑑，說不定答案就在裡面。」
飛飛和翔翔照著貓頭鷹先生的方法，果然從植物圖鑑裡，解開了怪樹之謎──原來他是一棵先開花後長葉子的木棉樹。"
D079,國語,4上,88,國立編譯館,text,19,有趣的中國字,"漢代有個姓徐的神童，從小就聰明過人。有一天，他正在家裡看書，忽然聽見隔壁的院子裡，傳來一陣陣砍樹的聲音，趕忙放下書本，跑去問個究竟。只見郭大叔手裡拿著一把斧頭，正使勁兒的砍著院子裡的那棵大樹。他心裡非常納悶，就問：「大叔，好端端的一棵樹，您為什麼要砍掉它呢？」
郭大叔看了神童一眼說：「前兩天，有人告訴我，我的院子方方正正的，四面圍著牆，中間又長著這棵樹，不就成了圍困的『困』字嗎？我為了不困在裡面，這棵樹非砍不可！」神童聽完，想了想，笑著說：「大叔，要是您把樹給砍了，人卻還住在這四四方方的院子裡，那可就更糟啦！」說著說著，就用樹枝在地上寫了一個「囚」字。郭大叔低頭看了看，覺得很有道理，立刻放下斧頭，不再砍這棵樹了。
曹操是東漢末年的丞相，有一天，有人送他一盒酥糖，他吃了幾塊，就提筆在盒蓋上寫了「一合酥」三個字，沒說半句話，掉頭就走。大家看了，有的說：「多漂亮的盒子啊！」有的說：「丞相的字寫得可真好！」就沒有人猜得透曹操寫「一合酥」的意思。
這時候，楊修來了，他看了一眼，二話不說，就吃了一塊酥糖，並且說：「別客氣！大家分著吃吧！」大家還是不敢伸手。楊修指著「一合酥」三個字，笑著說：「丞相不是明明白白寫著一人一口酥嗎？大家還客氣什麼呢？」"
D080,國語,4下,90,國立編譯館,text,1,有趣的年畫,"古時候的人相信，每一年的除夕，在自家的大門、客廳和窗戶旁貼上年畫，可以趕走不祥的鬼神，也可以帶來新一年的平安。
早期的年畫，畫的多半是威武的門神。隨著年節慶賀活動的多彩多姿，年畫的內容也越來越精彩。吉祥的年畫是人人都喜愛的，像松、鶴的圖案代表「長命百歲」，蓮花和魚的圖案代表「連年有餘」，要是畫柿子和金桔，那自然就是「事事吉祥」了。此外，還有精巧的山水花鳥圖，有趣的老鼠娶親圖等。由於年畫色彩鮮明，圖案活潑，真是賞心悅目，人見人愛。
最有趣的年畫，是貼在屏風上的「連環畫」，內容都是歷史故事和民間傳說。像西遊記年畫「孫悟空三借芭蕉扇」，不但故事人人熟知，而且畫裡人物的表情，生動傳神，各有特色。唐三藏的相貌莊嚴，孫悟空的火眼金睛，豬八戒搧著耳朵，沙悟淨挑著擔子努力前行，牛魔王雄壯威武，鐵扇公主則又美又狠，連唐三藏騎的白馬都抬頭揚足，神氣活現。另外如「桃園三結義」、「牛郎織女會七夕」等，也都是常見到的「連環畫」呢。
年畫是我國特有的民間藝術，充滿鄉土氣息，活潑有趣。在大陸過年貼年畫的習俗，到現在還非常盛行。家家戶戶的大門上、紙窗旁，幾乎都貼著年畫。年畫給人帶來希望，也帶來了新一年的吉祥。"
D081,國語,4下,90,國立編譯館,text,2,兵馬俑-地下的護衛軍,"西安的陽春三月，是一年中最美的季節，盛開的油菜花和生意盎然的冬麥，織成一塊嫩黃翠綠相間的地毯。還有那如粉似霞的桃花，也為大地抹上了醉人的彩妝。
民國六十三年的春天，西安附近的西陽村，有幾個農民打算挖一口水井，誰知卻無意間發現了一個大洞，裡面有一些陶人、陶馬的碎片。經過考學家的鑑定，認為它們是秦代的文物。就這樣，世界上最偉大的文化藝術寶藏——秦兵馬俑——出土了。 
這些兵馬俑，是一個包含了步兵、弩兵、戰車所組成的部隊，兵陣嚴整，威武雄壯，顯示出勇往直前，所向無敵的氣勢。尤其是陶俑和陶馬，造形生動而寫實。陶俑的高度跟真人一樣，服裝、髮型風格獨特，表情更是傳神。他們有的站著向前注視，好像在觀察敵人軍情；有的單腿下跪，似乎正要準備出發射弩箭；有的站立在戰車上，雙手緊握，好像在駕著馬車。從他們服裝，還可以看出他是將軍，還是小兵呢！
民間傳說，秦始皇生前，為自己修建了一座非常大的陵墓，墓室裡擺滿了各種珍寶。每個路口的通道，還設置了機關，如果有人闖進去，就會被亂箭射死，所以當人們發現了這大約八千件的陶俑、陶馬和各式各樣的兵器時，自然會想到，他們可能就是秦始皇地下京城的護衛軍吧！
秦兵馬俑，真是我中華文化的寶藏啊！"
D082,國語,4下,90,國立編譯館,text,9,開卷有益,"圖書館裡的書，五花八門，包羅萬象。翻開它們，就好像走進了知識的寶庫，展開一趟又一趟新奇的尋寶之旅。
打開世界名人傳記，古今中外傑出人物的故事，便出現在我們眼前。像明代偉大的醫學家李時珍，從小立志要給天下的窮人治病。為了寫本草綱目這本藥書，整整花了二十七年時間，親身到各地採藥，親口去嘗試藥材，他行走了上萬里路，請教了千百個人。大發明家愛迪生為了找出電燈泡裡合用的燈絲，曾經實驗過好幾百種材料。他常說：「成功是一分天才加上九十九分努力。」它們勤奮的精神，是不是很值得學習呢？
打開自然科學的書，我們會被各種奇妙有趣的知識所吸引。像蛇、青蛙等動物，在嚴寒的冬天裡，不容易找到食物，為了保存體力，牠們會睡上一個冬季，等到春天來臨，大地回暖的時候才醒過來。像含羞草這種植物，他翠綠的羽狀葉子，一叢叢的長在地上，看起來毫不起眼，但是只要有人用手輕輕的碰一下它的葉片，立刻就像害羞的少女一樣，把葉子合了起來。這些動植物的特性，是不是令你大開眼界呢？
打開兒童故事書，我們來到充滿趣味的故事王國。當孫悟空拔下身上的毛，用嘴一吹，會發生什麼變化呢？當武松在景陽崗遇上了老虎，他會有怎樣的結果呢？當魯賓遜漂流到荒島上，他一個人要怎麼生活呢？隨著書中情節的變化，我們的心情也跟著起伏不定。
古人說：「開卷有益」，就是鼓勵大家要多看書。你想知道海底探險的滋味嗎？你想認識非洲的動物嗎？只要走一趟圖書館，找出相關的書來讀，你的尋寶之旅，一定會滿載而歸的。"
D083,國語,4下,90,國立編譯館,text,12,自動販賣機,"動物小學在公園裡舉行戶外教學，小動物們看到一個像玻璃櫃子一樣的機器，裡面擺著一個個鋁罐頭，和一盒盒鋁箔包，邊上有個狹長的小孔，還有幾個按鈕。大家好奇的圍觀著，指指點點，七嘴八舌。頑皮的小猴子，試著用手按一下按鈕，等了一會兒，機器沒有什麼回應。
可愛的小白兔忍不住問：「這究竟是什麼東西？擺那麼多罐頭和鋁箔包做什麼？」
這時候，一位高班的同學走過來說：「這是自動販賣機，賣的都是飲料。」一面說著，一面拿出兩個硬幣往那狹長的小孔投進去，再按一下按鈕，立刻就有一個罐頭，咚咚咚的滾了出來。
「哦！原來是這樣啊！」大家明白了。
小袋鼠最好奇，也想試試看，就從袋子裡拿出一個硬幣來，學著把硬幣投進小孔，隨意按下一個按鈕，果然，咚咚咚的滾出一盒鋁箔包來。小袋鼠拿起來一看，原來是綠茶。
胖小熊高興的拍手說：「這下可好了，以後出來玩，就不要帶水壺，只要帶些銅板來買飲料就好了。」
山羊老師聽見了，走過來和藹的說：「自動販賣機固然方便，不過還是自己帶水壺的好。喝開水既衛生，又有益健康；糖分高的飲料，喝了會發胖，對身體不好。」
這一會兒功夫，小袋鼠已經把他的綠茶喝光了，正準備把空鋁箔包丟進垃圾筒。山羊老師看到了，制止說：「不可以亂丟！」接著轉過臉向大家說：「鋁箔包、鋁罐頭，都是可以回收的東西，一定要把它壓扁或踩扁後，丟到資源回收筒裡去，這樣才方便回收，也不浪費資源。」
小袋鼠聽到了，立刻就把手裡的鋁箔包壓扁，丟進資源回收筒裡去了。"
D084,國語,4下,90,國立編譯館,text,13,日月山水(上),"臺灣中部是一片青翠的高山。很久以前，在這片山上，住著許多邵族的人，它們種田打獵，與世無爭，生活既快樂又逍遙。
有一天，邵族人正忙著幹活兒，突然大地一聲巨響，一陣搖晃，整個天空暗了下來，你看不見我，我也看不見你，把邵族人嚇得說不出話來。這天以後，日頭和月亮就從天空裡消失了，大地一片漆黑，草木低了頭，動物躲著不出來，笑容也從人們的臉上消失了。
有一對邵族的年輕夫妻，眼看大家的日子過得越來越苦，決定去把日頭、月亮找回來。他們一人拿著一支火把，照著崎嶇不平的山路，一步一步往前走，翻過高山，越過溪谷……。他們終於看到遠方有兩個火球，忽高忽低，在一片黑暗中發出耀眼的光芒。夫妻倆輕悄悄地走近一看，啊！原來深潭裡有兩條惡龍，正拿著日頭和月亮當球玩呢！
「就是這兩個壞東西把日頭和月亮摘走了。怎麼樣才能搶得回來呢？」夫妻倆躲在一旁，又害怕，又緊張，不知如何是好。
「別怕，我來幫你們。」回頭一看，原來是個滿臉皺紋的老婆婆。「我有金剪刀和銀剪刀，這可是那兩條惡龍最怕的東西；我老了，沒力氣殺牠們，你們快拿去用吧！」
他們拿起金剪和銀剪，鼓起勇氣走到潭邊，惡龍見到他們，大吼一聲，飛身撲過來；夫妻倆也舉起手中的金、銀剪刀，奮不顧身的迎上前去，在潭邊展開了一場大戰。最後，他們使出所有的力氣，把金、銀剪刀擲向惡龍。剪刀畫過黑暗的潭面，發出閃電般金銀色的光芒，插入了惡龍的身體，終於殺死了惡龍。"
D085,國語,4下,90,國立編譯館,text,14,日月山水(下),"惡龍死了以後，屍體很快的沉到潭底，只剩下日頭和月亮兩個火球，光亮亮的浮在平靜的潭面。勇敢的邵族夫妻興奮得摟在一起，又跳又叫，他們終於搶回了日頭和月亮，可是，這兩個大火球，要怎麼送回天上去呢？
夫妻倆在潭邊走來走去，想了又想。忽然，天上的雷聲大作，說也奇怪，他們的身體不斷長高，力氣也變大了。丈夫拔起一棵樹，撈起日頭，把它托在樹頂，拼命的伸長手臂往上托；妻子也學丈夫的樣子托起月亮。托啊！托啊！夫妻倆一起努力，終於，用力一頂，牢牢的把日頭和月亮給掛回天上去了。
夫妻倆精疲力盡，這時他們才發現手臂上已經長出了樹，身體化作了岩石，兩腳也深深的埋入地裡，動彈不得。最後，他們變成了兩座大山，分別站在潭的兩邊。這兩座大山，據說是大尖山和水社大山，這個深潭就是日月潭了。
第二天早上，火紅的日頭又從邵族的山後升起來了，照著邵族的人開始一天的工作；傍晚，月亮也靜靜的爬上了邵族人的屋頂，照著他們的孩子甜甜入睡。邵族人欣喜若狂，抬出一罈罈的美酒，舉行了盛大的慶典，他們心裡感激這對夫妻，為他們找回了日頭和月亮，找回了光明。
而這對年輕的夫妻呢？他們為了挽救族人的危難，自己卻變作了日月潭邊的兩座大山，永遠只能遙遙相望，不能靠近。你看見細細的雨灑在潭面上嗎？那是妻子思念丈夫的淚水。你聽見輕輕的風聲在山裡迴響嗎？那是丈夫對妻子的呼喚啊！"
D086,國語,4下,90,國立編譯館,text,15,郁永河臺灣行,"三百年前的臺灣，有奇絕的風景和壯麗的山川。
郁永河為採硫磺渡海來臺灣。小小的帆船離了唐山，一望無際的大海是一片藍。黑水溝的浪頭高得像山，滔天巨浪裡，終於到了府城臺南。
硫磺還在遙遠的北投，
郁永河只好坐上牛車往北走。一路上欣賞了無數的美景，忘記了旅途的辛苦和憂愁。亭亭的椰樹，彎彎的路，草裡林間還有活潑的花鹿。駕車人臉上刺青真醒目，悅耳的歌聲響徹了山谷。湍急的溪流一條一條涉水過，傾盆的大雨一步一步行路苦。
從竹塹到南崁不見人煙，成群的野牛出沒在山間。
到了地熱騰騰的北投硫磺谷，又遇上了狂風急雨的颱風天。草亭飛去如空中舞蝶，山洪暴發如天際飛泉。狂風拔起屋柱，急雨翻去茅簷。
郁永河千辛萬苦臺灣行，從南到北歷艱險。終於採到了硫磺回唐山，寫下了三百年前的遊記與詩篇。"
D087,國語,4下,90,國立編譯館,text,16,惜字亭,"前些日子，翁老師帶我們到鹿港民俗文物館參觀。裡面有一件小型泥製的爐子，一尺多高，八角柱形，上面有鏤空的圖案，還刻著「敬惜字紙」四個字。老師笑著說：「別小看它，這是以前鹿港文開書院的字紙爐，專門用來燒字紙。它可是尊重文字的歷史見證呢！」
老師接著告訴我們：「以前能夠讀書識字，是很有福氣的事情。所以大家都非常羨慕讀書人，更尊重文字。對寫有文字的紙張，不敢隨意拋棄踐踏。」站在一旁的玉珍說：「那他們又怎麼處理字紙呢？」老師說：「讀書人通常會在書桌旁邊，放一個字紙簍，專收字紙。有些地方還雇用老人，背著貼有『敬惜字紙』的簍子，專門撿拾街頭散落的字紙。」我好奇的問：「撿起來的字紙，最後送到哪裡去呢？」翁老師笑著說：「以前在寺廟前或街頭巷尾，往往可以看到一丈多高的『敬字亭』或『惜字亭』。他們就是把字紙帶到那裏去燒了的。」
我說：「把字紙燒了多可惜！用過的字紙，不是還可以資源回收嗎？」老師輕輕拍著我的肩膀說：「說的好！從前的人，用紙的數量不像現在這麼多。很難想像現在每用一公噸的紙張，大約就需要砍二十多棵大樹，而每棵大樹的成長都要幾十年的時間。因此，我們現在要資源回收，讓紙張再生。」
建華說：「這麼說來，我們讓紙張再生，也算是發揮祖先『敬惜字紙』的另一種精神表現了。」老師點了點頭，大家都笑了。"
D088,國語,4下,90,國立編譯館,text,17,竹頭木屑,"晉朝的陶侃是個態度認真、做事仔細的人。在它做官的時候，曾經下令給負責建造船隻的官員，要他們把鋸木頭掉下來的木屑，不管多少，通通掃起來收好。當時大家只覺得麻煩，不太明白他的用意，難免有些埋怨，心裡嘀咕著：「真想不通大人要這些廢料做什麼？」
第二年正月過年的時候，正好接連下了幾天大雪。天剛放晴，積雪開始融化，到處都是溼答答、滑溜溜的。走起路來，一不小心，就會滑倒。僕人束手無策，想不出解決的法子。這時候，陶侃叫人把原先收集的鋸木屑，拿來鋪在路面上，走起來就不容易摔跤了。大家心裡想：「他是怎麼想到的？」
還有一次，公家為了一項工程，用了大量的竹子，陶侃要工匠把用剩的竹頭，好好儲存起來，不要丟掉。這些竹頭，堆得像一座山，把院子都堆滿了。大家一頭霧水，不太明白他的用意，心裡嘀咕著：「大人又有什麼新點子啦！」
後來朝廷下令修造戰船，負責的官員，一清點材料，這才發現少了釘子，根本就交不了差，急得像熱鍋上的螞蟻。正當大家發愁沒釘子，陶侃說：「釘子，院子裡多的是！」大家到後院一看，原來正是用剩的竹頭。他們就用這些竹頭做成竹釘，修造戰船。大家心裡想：「他是怎麼想到的？」
在一般人眼中作用不大的木屑，陶侃卻能想到在冰天雪地中，可以防滑；被人當做廢物的竹頭，在急需的時候，陶侃卻能把它派上大用場。這不但說明了陶侃平時愛惜物品，而且能夠化腐朽為神奇，讓物品的用途，發揮最大功效。"
D089,國語,4下,90,國立編譯館,text,附錄一,孫悟空三借芭蕉扇,"西遊記是我國著名的小說，寫唐三藏取經的故事。書中的孫悟空，是唐三藏的徒弟。他既聰明，又能幹，變化多端，能變成各種東西，是一個很討人喜歡的角色。
有一次，他們經過火焰山，當時已經是秋天，但附近仍然像炎夏一樣，酷熱無比。孫悟空打聽了之後，才知道這地方，四季都熱，因此，附近的人家收成不好，生活非常痛苦。他又聽說，這在芭蕉洞的鐵扇公主，有一把芭蕉扇，能夠搧熄火焰山的烈火。於是他就到芭蕉洞去，向鐵扇公主借扇子。公主不但不答應，反而把他搧到很遠的地方。
孫悟空並不死心，為了得到扇子，就變成一個小蟲子，飛進鐵扇公主喝的茶沫裡。等到公主喝了茶之後，孫悟空在她肚子裡又叫又跳，鬧得她面黃唇白，在地上打滾，疼痛不堪，只好哀求孫悟空饒命，答應把芭蕉扇借給他。
孫悟空拿了芭蕉扇，到了火焰山前面，用力一搧。那山上的烈火，不但不熄滅，反而烘烘騰起，越搧越大。這時候，他才知道這把扇子是假的，原來被鐵扇公主騙了。
孫悟空於是又變成了鐵扇公主的丈夫牛魔王的樣子，到芭蕉洞裡，和公主喝酒談天。等公主喝到半醉的時候，他說：「夫人，那把真扇子要仔細收藏起來，孫悟空變化多端，可不要讓他騙去。」公主從口中吐出一個杏葉兒大小的扇子，遞給孫悟空說：「這不就是寶貝嗎？」孫悟空一拿到真扇子，馬上恢復原形跑了。鐵扇公主知道受騙，不由得又羞又怒。
牛魔王回來，知道了這件事。非常生氣，馬上變成了孫悟空師弟豬八戒的樣子。又從孫悟空手中，把芭蕉扇騙了回去。
最後，孫悟空把豬八戒找來，合力打敗了牛魔王，才從鐵扇公主手中，拿到真的芭蕉扇。孫悟空就用它搧熄了火焰山的烈火，使原來有火的地方下雨，無火的地方天晴，附近的人家又可以過愉快的日子。當他們離開火焰山的時候。那裡的人沒有不感激他們的。"
D090,國語,4下,88,國立編譯館,text,2,發明火車的人,"史蒂文生是火車的發明人。他出生在英國，是一個煤礦工人的兒子。小時候，他的家就在礦場旁邊。他特別喜歡礦場裡的蒸汽機，常常跑去看。他會用黏土和木棒做蒸氣機的模型。有人看見了，覺得很有趣，就問他長大了要做什麼。他說：「我要做機械工程師。」
他因為家裡很窮，所以沒進學校讀書，八歲就到牧場去當牧童。十四歲的時候，他到礦場去當蒸汽機的火夫。他很有研究精神，對蒸氣機的構造知道得不少，不久就升做機匠。
一天，礦場休假，蒸氣機不開動。史蒂文生認為這是一個好機會，立刻請求管理員，准許他把機器拆開來研究。管理員很信任他，就滿口答應了。那天晚上，史蒂文生把拆開的蒸汽機重新裝好了，可是因為擔心出錯，一夜沒有睡著。直到第二天早晨，蒸汽機開動了，沒有發生什麼問題，他才放了心。從此以後，礦場遇到什麼機器壞了，就叫他去修理。大家送他一個好聽的外號，喊他「機器醫生」。
那時候，礦場運煤都用馬車。史蒂文生覺得利用動物拖車，既費錢又不方便。他認為應該利用機器的力量才對。有了這個想法，他自然就想到蒸汽機。他日夜研究這個問題，畫出一張一張的設計圖。後來，他果然想出利用蒸氣機轉動車輪的方法，發明了火車。自從有了火車以後，人們運送貨物或是出外旅行，都比從前安全方便多了。"
D091,國語,4下,88,國立編譯館,text,20,愛石頭,"小孩子都玩過小石子兒，也喜歡爬到大石頭上去玩。住在海邊的孩子，常常到海灘上去撿美麗的小石頭，帶回去藏在自己的百寶箱裡。住在山裡的孩子，也常常到溪邊去撿被水磨得圓圓的小石頭，當作自己的玩具，帶回家去玩。小孩子都愛石頭。
石頭有各種不同的形狀，不同的色彩。那形狀真是千奇百怪，那色彩真是五花八門，叫人說也說不盡，看也看不完。
世界上最大的一塊石頭，出現在澳洲北部的原野上，叫作「愛斯石」。這塊大石頭是赤褐色，高三百多公尺，寬一公里半，長度接近兩公里半。想想這塊石頭有多大！
我們中國的庭園，都要有假山。堆砌假山所用的石頭，最有名的是「太湖石」。這種石頭出產在太湖，顏色是灰黑色，特點是有許多孔，許多皺紋。它因為形狀多變化，所以格外被人愛惜。
有些石頭，質地細潤，可以用來刻圖章，刻精巧的藝術品。這種石頭，最有名的是福州的「壽山石」。最好的壽山石，顏色是橘紅色的。
愛石頭的人，常常玩石頭玩得入迷。收藏石頭的收藏家，為了得到一塊他喜歡的石頭，再多的錢也肯花。我國宋朝的大畫家米芾，最愛石頭。相傳他有一次見到一塊形狀奇特的石頭，心裡又敬又愛，就趕緊換上禮服，向石頭下拜。
石頭是大自然的創造物。我們喜愛石頭，正是我們喜愛大自然的表現。"
D092,國語,4下,69,國立編譯館,text,10,白衣天使,"一百多年前，英國有一個女孩，名叫南丁格爾。她的家庭很好，也讀了許多書。她十七歲的那年，和家人到歐洲、非洲等地方去旅行，看到許多貧苦患病的人，心裏很難過，就立志要做護士，為病人服務，可是她的母親不允許。後來她的母親因事到德國去，她才跟朋友一起去學習護理。
不久，歐洲發生了戰爭。俄國出兵打土耳其，英國派兵幫助土耳其。戰事非常激烈，遍地都是死傷的士兵，沒人照料，十分可連。南丁格爾知道了，就向英王請求到戰場去，為受傷的戰士服務。
英王很讚賞她的慈愛精神，答應了她的要求。她就率領三十八個護士，組織一個服務隊，到前線去為受傷的戰士服務。她到了前方，看見鄉村裏的屋簷下和道路旁，躺著許多受傷的戰士，痛苦呻吟，實在悲慘。南丁格爾就為他們架起帳棚，把他們安置在帳棚裏，替他們包紮治療。每天從早晨忙到深夜，一刻也不休息。
她除了為戰士們治療創傷以外，還為他們洗衣、燒飯、寫信、講故事，來減輕他們的煩惱，增加他們的快樂。她穿著白衣，時常在深夜冒著風雪，到病房去巡視，所以大家都非常尊敬她，稱她為「白衣天使」。
她這樣為受傷的戰士辛苦工作，感動了全體官兵，提高的士氣，不久，就把俄國打敗了。"
D093,國語,4上,60,國立編譯館,text,2,蘇東坡替人畫扇子,"宋朝大文學家蘇東坡在杭州做太守的時候，有一個人跑到衙門來告狀。說有一個姓朱的，欠他很多錢不還，請求太守幫他討帳。
蘇東坡叫衙役把欠債的人傳來，問他為什麼不還債。
欠債的人說，他原來是個賣扇子的，不幸今年春天父親去世，把借來的錢都花光了。又因為今年夏季時常下雨，天氣涼爽，扇子賣不出去，所以一時沒有錢還債。
蘇東坡聽了，很同情他。想了想，就說：「你回去把扇子拿來，我替你想個辦法。」
那個人馬上跑回家去，拿了許多扇子來。
蘇東坡就在扇面上寫些詩詞，畫些蘭竹。然後叫他拿到市上去賣，用賣扇子的錢還債。
那個人拿了扇子去賣。大家聽說扇子上面有蘇東坡的字畫，都爭著來買。一會兒就把那些扇子賣光了。他拿賣扇子的錢還清了債，心裏對這位仁慈的太守，真是萬分感激。"
D094,國語,4上,60,國立編譯館,text,22,民族英雄鄭成功,"鄭成功是收復臺灣的民族英雄。他是福建省南安縣人。明朝末年，滿清軍隊攻破南京，鄭成功不肯投降，就帶著官兵，攻占廈門做根據地。
鄭成功在廈門操練海軍，然後帶領大軍進攻南京，但是沒有攻下，只好退回廈門。他為了再找一個更好的基地，就決定帶領大軍到臺灣來。
當時占據臺灣的荷蘭軍隊，常常欺壓臺灣同胞，所以同胞們聽到鄭成功要來的消息，都非常高興，立刻起來接應。他們引導鄭成功的軍隊，在臺南的鹿耳門登陸，合力把荷蘭軍隊趕走了。
鄭成功到了臺灣以後，就開闢農田，創辦學校。他改善了人民的生活，也提高了人民的知識水準。
鄭成功收復臺灣的偉大功業，不向滿清屈服的堅強精神，是我們永遠忘不了的。"
D095,國語,4上,61,國立編譯館,text,17,神箭手,"飛衞是古代著名的神箭手，有一個叫紀昌的人，要跟他學射箭。飛衞說：「你應該先練習基本工夫。看一樣東西，要練到目不轉睛。」
紀昌回到家裏，看見妻子正在織布，他就坐在織布機旁邊，集中目力，瞪著那來往不停地梭子。這樣不間斷的練習了兩年，紀昌自信除了他注意的目標以外，什麼東西也不能使他的眼睛動一動。
紀昌把這個成績告訴了飛衞。飛衞說：「還不行，你還要鍛鍊眼力。你要把眇小的東西看得很大，看得很清楚。到了這種程度，再來告訴我。」
過了三年，紀昌又來告訴飛衞，說他看蝨子就像車輪一樣大，其他的東西，看起來也像小山丘一般。飛衞很高興，就帶領他到室外去，叫他射房子旁邊那棵樹上的一隻小麻雀。
紀昌把箭搭在弓弦上，瞄準的時候，飛衞問他：「你看見麻雀了嗎？」紀昌說：「看見了。」
飛衞又問：「你看見樹和房子了嗎？」紀昌說：「看見了。」
飛衞這時候說：「現在你不用射了，等一會兒再說吧！」
過了一會兒，飛衞再叫他瞄準。他準備好了，飛衞問他是不是看見麻雀、樹和房子。他說這回看不見房子。飛衞又叫他放下箭來，仍然不讓他射。
又過了一會兒，飛衞再叫紀昌瞄準，問他有没有看見麻雀、樹和房子。他說這次只看見麻雀，樹和房子都不見了。飛衞這時候才說：「好，現在可以射了。」他一鬆手，颼的一聲，一箭就射中了那隻小麻雀。
他問飛衞，為什麼在看見樹和房子的時候，就不能射。飛衞說：「你那時候不專心，箭射出去，是不容易射中目標的。我叫你練習看一樣東西，要練到目不轉睛，就是這個意思。」
從此以後，紀昌學習更專心，更努力。過了幾年，他就成了遠近知名的神箭手，不論空中的飛雁，地上的野兔，只要他舉弓一射，没有射不中的。"
D096,國語,4上,67,國立編譯館,text,7,迷信,"從前有一個富翁，很迷信。他聽說有一個看風水的先生很靈驗，就把他請來，看一看自己的房屋。
看風水的先生來了，看見大門的頂上開了兩個小窗子，就指著窗子說：「這兩個窗子開得很不吉利，因為大門上面有兩個『口』字，就好像一個『哭』字。一進門就哭，那還有好事嗎？所以你一定要把這兩個窗子堵起來。」
富翁聽了，就叫人去請泥水匠來，把窗子用甎頭堵上。
看風水的先生走進院子裏，看見院子四面是土牆，中間種了一棵老槐樹。他就對富翁說：「這棵樹一定要砍掉。因為這個院子四面是牆，正像一個四方的『口』字。『口』字當中有『木』，那就是『困』字了。『困』就是『困難』或『困苦』的意思，是很不吉利的，所以你一定要砍掉這棵樹。」
富翁聽了，覺得很有道理，就叫工人把老槐樹砍掉。
有一天，富翁的朋友來，問起為什麼要把老槐樹砍掉。富翁就把經過的情形說了一遍。他的朋友笑著說：「照你說的，最好把房子拆掉。因為你的房子像個」『口』字形，『口』字當中有『人』，就是個『囚』字。『囚』就是人坐監牢的意思，那就更不吉利了。你為什麼還要住在這房子裏呢？」
富翁聽了，不由得笑著說：「我的確太迷信了。」"
D097,國語,4上,69,國立編譯館,text,12,第十二課 尋找失物,"小華有一本兒童畫報，在學校裏遺失了。他心裏很著急，就去請教老師：「老師，我的兒童畫報丟了，用什麼方法可以找回來呢？」
老師說：「你去寫一張尋找失物的啟事，貼在布告牌上。拾到畫報的人看見啟事，就會送還給你。」
小華聽了老師的話，就寫了一張啟事，貼在布告牌上。上面寫著：
尋找失物
今天早上，我丟了一本兒童畫報。如果有人拾到了，請送到四年級仁班教室還給我。我願意酬謝他一枝鉛筆。
張小華　敬啟　十一月十日
當天下午，宋愛蓮拿著那本兒童畫報來送還給他，並且說：「我在運動場上拾了這本書，本來想交給老師。剛才看見你的啟事，知道是你丟的，所以就給你送來了。」
小華非常感謝她，就拿出一枝鉛筆來送給她。宋愛蓮不肯接受，笑著說：「拾了你的東西，應該還給你，怎麼能夠接受報酬呢？」"
D098,國語,4上,70,國立編譯館,text,14,發明電話的故事,"你知道電話是誰發明的嗎？他就是美國發明家貝爾。貝爾的耳朵很靈敏，能聽到很微弱的聲音。他的父親，是教聾啞說話的專家。貝爾從小受到父親的影響，也喜歡研究人類說話的聲音，成為父親的好助手。
貝爾出生在英國，二十四歲才來到美國。那時候，電報已經通行了三十多年。有一天，貝爾對朋友華生說：「電報利用一根電線，就能讓電流通到很遠的地方去。如果我們把聲音變成電流，也一樣可以傳到很遠的地方去。華生，你研究的是電，我研究的是聲音。如果我們合作，造出一種傳話的機器，對大家不是很有用嗎？」
從此以後，他們就每天晚上在一起實驗。起初他們心中充滿希望，後來因為一再的遭遇失敗，所以就有點兒灰心。他們的長輩和朋友知道了，認為這個研究很有價值，都鼓勵他們繼續努力，不要放棄。
他們辛苦的研究了六年，仍然沒有成功。一天晚上，華生疲倦極了，就在自己的小房間裡打瞌睡。貝爾在另外一個房間裡，剛用一個新方法接通了電路，卻不小心打翻了桌上的儀器，急得大聲喊：「華生，快過來幫忙！」
華生剛想要睡覺，忽然聽到桌子上的受話器，傳來貝爾的聲音，先是吃了一驚，接著就高興得跳了起來，大聲歡呼：「電話靈了，我們成功了！」
那一天，正是西元一八七六年的三月十日，也就是人類第一架電話機製造成功的日子。"
D099,國語,3上,86,國立編譯館,text,3,小動物的本事,"九月的一天，動物小學開學了，小馬、小牛、小鷹、小啄木鳥，還有很多很多小動物，全都由爸爸、媽媽、陪著到學校來了，他們是來學本事的。
小馬說：「我要學拉車，將來幫爸爸、媽媽做事，他們就不會太辛苦了。」
小牛說：「我要學耕田，將來幫助主人種出最好吃的稻米來。」
小鷹說：「我要學飛翔，要飛得快、飛得高，將來成為最神氣的大老鷹。」
小啄木鳥說：「我要學給有蟲的樹治病，讓每一棵樹都能健健康康的長大。」
過了一段日子，他們都跟老師學會了自己想學的本事。小馬拉起車來又快又平穩，小牛耕起田來又直又深，小鷹飛上天去，衝下來的時候，快得跟閃電一樣，小啄木鳥每天都「叩叩叩」的給樹看病，被大家稱為「小神醫」呢。校長說：「明天你們就要離開學校了，把你們的學習心得說給大家聽聽吧！」
小馬和小牛都說：「要不怕流汗，能吃苦耐勞。」
小鷹說：「要努力不斷的練習，有勇氣，有膽量。」
小啄木鳥說：「要能細心觀察，有耐心和愛心。」
校長聽了，滿意的說：「唔，很好，你們不但學會了本事，而且比以前更懂事了。」"
D100,國語,3上,86,國立編譯館,text,9,可貴的筆記本,"今天是大中的生日，我帶了一本昨天買的漂亮筆記本，打算送給他做生日禮物。
第一節下課的時候，我正想把禮物送給大中，跟大中同一天生日的大雄，手裡拿著一本漂亮的筆記本說：「大家來看，這是我爸爸送給我的生日禮物！」
同學們都圍過去看。我一看他手裡拿的筆記本，原來正跟我要送給大中的一模一樣。想不到兩個同一天生日的人，連得到的禮物也會相同，真巧！
擠在人群中的大中，很好奇的伸手去拿大雄的筆記本，嘴裡說：「好漂亮！我看看。」沒想到大雄把手往裡一縮，兩個人一拉扯，就把筆記本扯成兩半了。
大雄臉色很難看的說：「你弄壞我的生日禮物啦！」
大中滿臉通紅的說：「對不起啦，對不起啦。」
大雄很生氣的說：「說對不起就算啦？賠！」
我趕緊把大中拉到一邊，拿出我買的筆記本說：「這是你的生日禮物，快拿去賠他！」
大中簡直不敢相信自己會有這麼好的運氣。他謝了又謝，轉身擠進人群，把筆記本交給大雄說：「賠你。」
大雄吃了一驚，細細的看了看筆記本，就收了下來。他氣也消了，不好意思的拿出扯壞了的筆記本，說：「這本破的給你。」
放學的時候，我跟大中說：「明天我再送你一本新的。」
大中說：「不用了，謝謝。你真是我的好朋友。這本破的比新的更可貴！」"
D101,國語,3上,86,國立編譯館,text,10,十七號菜單──短劇,"時間：放學以後。
地點：家裡的小客廳。
人物：英英、母親、父親。
布景：舞臺的一邊是廳門。舞臺的另一邊是房門，門裡是英英的房間。客廳的後面有通道，可以通到廚房。客廳裡有沙發，有茶几。
（音樂）
開幕：英英跪在地板上，低頭在茶几上寫字。母親繫著圍裙，從通道走出來。
母親：爸爸還沒回來呀？
英英：（抬頭）媽！
母親：爸爸還沒回來呀？
英英：還沒有。一定是塞車。（又低頭寫字。）
母親：（正要回廚房，剛走兩步，又轉身問英英）你寫什麼呢？
英英：媽，滷肉的「滷」怎麼寫？
母親：你先寫注音符號吧。吃過了晚飯，媽媽再告訴你。你想跪在這裡寫功課嗎？
英英：我寫飯盒菜單啊！
母親：又想起你愛吃的菜啦？
英英：是啊。我寫的是炒白菜、紅燒魚，還有滷肉。（站起來）媽，寫好了，這是第十六號！
母親：好好好，交給媽媽。（笑）第十六號，對不對？
英英：對！我去寫功課了！（向自己的房間走去。）
母親：快去，快去。一會兒喊你吃飯。
英英：知道了。媽，別忘了，第十六號！
母親：知道了。第十六號。
（父親從廳門走進。）
父親：什麼第十六號？
母親：你回來啦？一會兒就吃飯。
父親：什麼第十六號啊？
母親：英英寫的飯盒菜單啊。我給她做的飯盒菜，她愛吃的，就寫下來交給我。看了這些菜單，我就知道她最愛吃的菜是什麼啦。給她做飯盒菜，就變得很容易了。從開學以來，你知道她寫了多少？已經十六張啦！
父親：真有意思，真有意思！你說，我們的英英是不是很聰明？
母親：這是我想出來的呀！
父親：哈哈哈，對對對，聰明的是你！
母親：好了，好了。想不想喝杯茶？我去給你倒。
父親：（放下皮包）我自己來，我自己來。
（父親正要去廚房，英英打開房門，手裡拿著一張紙，跑了過來。）
英英：爸爸回來啦？（把紙交給母親）媽，我又想到一份菜單。這是第十七號！
父親：哈哈哈……。
母親：哈哈哈……。
英英：你們怎麼這麼高興啊？（也跟著笑）嘻嘻嘻……。
（音樂響起）
（閉幕）"
D102,國語,3上,86,國立編譯館,text,11,萊特兄弟和飛機,"萊特兄弟是世界上發明第一架飛機的人。
小時候，有一天，爸爸帶回一件新奇的玩具，送給兄弟倆。只見爸爸把橡皮筋轉緊，手一放，玩具就飛上了天。萊特兄弟都看呆了，深深被這個玩具所吸引，不但天天玩得很開心，而且經常想著：如果有一天，自己也能飛上天去，那該有多好啊！
長大以後，兄弟倆共同開了一家自行車行，他們念念不忘飛行的夢想，時時在車行裡研究飛行的機器。為了實現飛行的夢想，他們進行了一次又一次的嘗試。有人笑他們傻，有人認為他們瘋了，但是，不論有什麼困難，他們總是抱定決心，想辦法去解決它。
「一定要飛上藍天！」兄弟兩人互相鼓勵著。
這一天，天氣雖然不是很好，他們還是照原先的計畫進行試飛。弟弟駕著他們所造的飛機，終於平穩的飛起來了！這時，所有在場看熱鬧的人，都為他們高聲歡呼。哥哥也興奮得揮舞著雙手，眼中閃動著淚光，嘴裡不停的喊著：「成功了！成功了！我們成功了！」
一百年來，人類不但飛上了藍天，更飛進了太空。萊特兄弟的努力，為我們開創了一個奇妙的飛行世界！"
D103,國語,3上,86,國立編譯館,text,13,我會用電腦啦,"○月○日　星期○　天氣晴
今天真是快樂的一天，我學會了使用電腦。
上星期，坐我旁邊的小美很得意的給我看一張紙，上面的文字和圖畫都是她自己用電腦打的，又清楚又美觀，好棒啊！回家以後，一有空，我就要哥哥教我使用電腦的方法。哥哥說教我可以，但是我得有耐心，天天練習，不然，很快就會忘記，那他的苦心不就白費了嗎？我的回答當然是「沒問題」！
皇天不負苦心人，一星期下來，我從開始時的手忙腳亂，到今天能夠不慌不忙、正確的打出文字，畫出圖形，並且把它印出來，我真的會使用電腦啦！更妙的是，我發現了電腦遊戲迷人的地方，難怪哥哥一坐到電腦前面，常常會忘記吃飯的時間。有的時候，連爸爸媽媽也和我們一起玩呢！
電腦好神奇啊！字寫錯了，不用橡皮擦。句子要搬到不同的段落去，按幾個鍵就行。圖畫得不好，重新來過很簡單。畫圖要用什麼顏色，可以說應有盡有。還有好多好多的功能，說也說不完。
聽爸爸說，電腦還可以用來和遠方的朋友通訊，也可以用來找尋圖書館的資料。哇！太好了！希望將來有一天，我也能夠和許許多多的朋友在電腦上談天說地，交換心得，增廣自己的見聞。"
D104,國語,3上,86,國立編譯館,text,14,鉛筆的心聲,"親愛的小主人：
看到這封信，你一定很吃驚吧？我平時和你「書包王國」中的所有居民一樣，都只是盡力陪你念書，一起做功課，從沒打擾過你。可是現在我們有好多話想要告訴你。
因為，我們都好想念你，想念你愛惜我們的那段愉快時光。記得嗎？那時候你總是把我們打扮得漂漂亮亮的；課本先生服裝整齊，作業本小姐清潔美麗，我也總是被削得尖尖的，滿有精神。每天你仔細的把我們放進書包哩，連一張紙都捨不得讓他長皺紋。使得我們在陪你上學的時候，忍不住一路上高高興興的唱著歌，配合你輕快的腳步，快快樂樂的去上學。我們知道，你一到學校，又會很小心的把我們擺進書桌裡，開始一整天的學習了。我們陪著你不停的走進一個又一個奇妙的新世界，看著你認真的神情，真讓我們又感動，又得意。
但是這幾天你忽然變了，常常粗心大意的把我們摔來摔去。看，課本先生給你扯破了衣角，作業本小姐被你弄花了臉蛋兒，橡皮擦得了皮膚病，我也差點兒沒摔斷了腰。整個「書包王國」裡現在亂七八糟，大家再也不想唱歌了。
親愛的小主人，我們是多麼想念原來的你呀！希望你能再像從前那樣愛護我們，快快使「書包王國」恢復整齊美觀、精神飽滿吧。別忘了我們都在等著你呀！
祝你
身體健康
學業進步
你的鉛筆敬上
○月○日"
D105,國語,3上,86,國立編譯館,text,16,義工家庭,我的爸爸是義工，指揮路隊和交通。上學放學兩時段，學校門口準時站。揮動雙手口吹哨，灰塵滿面汗直冒。犧牲奉獻去值班，照顧學童保平安。下雨、颱風，盛暑、寒冬，任勞任怨做義工。我的奶奶是義工，一早就到醫院中。接聽電話送表格，熱心助人又負責。陪伴服務最周到，端茶倒水讀書報。回家依然忘不掉，還為病人做禱告。白天、夜裡，醫院、家中，全心全意做義工。
D106,國語,3上,86,國立編譯館,text,17,媽祖出巡,"臺灣各地都有媽祖廟，有的寺廟裡的媽祖每年都要「出巡」，這是臺灣很熱鬧的一種民間活動。
在春暖花開的三月天，媽祖就要出巡了。這是地方上的大事，家家戶戶張燈結綵，男女老少燒香拜拜。一路上，慈祥的媽祖神像端坐在神轎裡，開路樂隊的長號角嗚嗚的吹著，各色的旗子在風中飄舞著，鞭炮和鑼鼓也像比賽一樣的響個不停。各地的信徒都趕了來，陪著他們敬愛的媽祖，在美好的春天裡快快樂樂的旅行。
傳說中，媽祖姓林名默，大家都叫她默娘，是個孝順的女孩兒。默娘的爸爸和哥哥為了工作常常出海。一個暴風雨的夜晚，爸爸和哥哥很晚還沒有回來，默娘非常著急，提著燈去海邊接他們。爸爸的船好不容易的靠了岸，他疲倦的對默娘說：「今天晚上要是沒有你，我們就迷失方向了。」可是，默娘的哥哥卻沒有回來。從此，她日日夜夜在海邊等著哥哥。晚上，她手裡的燈照亮了大海黑暗的夜，也為海上的漁船指引了方向。默娘就這樣成為討海人的守護神，大家叫她「媽祖」。
媽祖每年熱熱鬧鬧的出巡，讓我們感受到了媽祖對臺灣的護佑和關懷，也表現了我們對她的敬愛和崇拜。"
D107,國語,3上,86,國立編譯館,text,18,姑姑要出嫁,"我的姑姑要出嫁，嫁給交往了三年的他。媒人陪著男家上門來，送來了許多喜餅和鮮花。奶奶笑咪咪看著新女婿，姑姑羞答答奉上了甜茶。兩家父母一起決定了好日子，過年前我的姑姑就要出嫁啦！
大伯母送來金耳環和金鍊子，二伯母送來大紅絲被繡梅花。媽媽從早到晚忙得團團轉，位姑姑準備漂亮的禮服和婚紗。奶奶成天拉著姑姑講不停，原來在教姑姑怎樣照顧自己的家。只有爺爺坐在一旁不說話，我猜是因為捨不得姑姑她。
到了姑姑出嫁的那一天，姑姑拜過了父母和祖先。鄰居親友都來說恭喜，伴郎伴娘擠滿了一房間。爺爺奶奶招呼新郎滿臉笑，美麗的姑姑嬌羞似天仙。只聽見門外鞭炮聲聲響，好像在催姑姑離開她的家園。我和弟弟依依不捨送姑姑，祝姑姑幸福美滿一百年。"
D108,國語,3下,89,國立編譯館,text,3,冰箱上的便條,"冰箱門上有幾個小吸鐵，樣子都很可愛，像是：一顆鮮紅的草莓、一彎美麗的彩虹、一隻抱著降落傘的小猴子等等。這些小吸鐵都吸著一張便條紙，上面寫著我們來不及當面說，或者不好意思說的一些話。
比如下面這一張是爸爸臨上班前留給我們的：
孩子們：別忘了今天晚上要看球賽，你們放學後要先把功課做好。加油！父留早晨八點
另外一張，是媽媽怕我回家看不到她而寫的，她說的是：
小恩：我陪奶奶到王醫生那兒去看病，大約五點鐘回來。你先陪陪爺爺，冰箱裡有點心和牛奶，記得吃前要洗手。媽媽一點四十分
記得我記一次寫便條的時候，還畫了幾顆心來表達誠意。它是這樣寫的：
親愛的家人：最近本人功課太忙，房間很亂，真不好意思。現在大掃除完畢，歡迎參觀！請大家告訴大家。小恩上三月十日
這些便條好像是我們家人間的橋梁，聯絡了大家的感情，也留下許多有趣的話題。因此媽媽說，她要把它們都收集起來，裝訂成一本，作為紀念。"
D109,國語,3下,89,國立編譯館,text,6,古城巨炮,"在臺南的安平區，有一個古蹟叫做「億載金城」。為什麼會有這麼奇怪的名字呢？
原來這是一座古炮臺，一百多年前，日本侵入了臺灣的恆春半島，滿清政府連忙派沈葆楨來臺防守。他一方面和日本人談判，一方面觀察地形，在臺南外海的沙洲上架設大炮，以防備從海上來的敵人。炮臺建好了以後，他認為這座炮臺堅固無比，一億年也不會壞，所以提筆寫下了四個大字，刻在炮臺大門上，這就是我們今天見到的「億載金城」。
當你走上護城河上的小橋，穿過古老的城門，就可以看到一片寬廣的草地，這兒以前是軍隊操練的廣場。十幾座巨炮，高抬著頭，一字排開。你可以想像一百多年前，它們就這樣勇敢的面對著海上的敵人，發出隆隆的砲聲呢！
「億載金城」的那些巨炮，就是一頁活的歷史，訴說了先民守護家園的信心和決心。"
D110,國語,3下,89,國立編譯館,text,10,校門口集合,"——劇本
時間：星期日早上八點。
地點：校門口。
人物：李國安——國小三年級男生。林大年——李國安的同班同學。張老師——李國安的導師。李太太——李國安的母親。
布景：一間小型國民小學的校門，門前是道路，門後是學校的前庭和樓房。因為是星期日，大鐵門關著，只留旁邊的小門讓人出入。
（開幕）
（李國安抱著膝蓋，坐在校門邊的地上等人。身邊放著背包和水壺。）
（林大年騎著小越野車，從舞臺的左側進入。）
李國安：大年！（仍然坐在地上）
林大年：（停車）國安！你怎麼會在這裡？
李國安：等人。
林大年：等誰？
李國安：等英傑和秀珍他們。還有一個你不認識的王伯伯。
林大年：幹嘛？
李國安：去動物園玩兒。
林大年：人呢？
李國安：等到現在還不來。已經過了八點了。
林大年：你等吧。我走啦！（騎車從舞臺右側離去）
（張老師從舞臺左側進入）
李國安：（站起來）老師早！
張老師：李國安！你怎麼會在這兒？
李國安：我等英傑和秀珍他們。
張老師：（看看地上的背包和水壺）一起去郊遊啊？很好很好。他們人呢？
李國安：大家約好八點鐘在校門口集合，可是他們到現在還不來。
張老師：（看看手表）你會不會聽錯時間和地點呢？
李國安：不會！
張老師：老師今天早上沒事兒，所以到學校來改改你們的本子。你多等一會兒吧。要是你想打電話，到辦公室來找我。（從小門進入學校）
（音樂響起。李國安坐立不安，苦苦的等待著。）
李太太：（從舞臺左側進入，大聲地喘氣）國安，國安！快跟我回去！人家等著你呢。
李國安：媽，你說什麼？
張老師：（從小門走出）老師早！
李太太：張老師早！
林大年：（騎著越野車從舞台右側進入，在校門口停車。）老師早！李伯母早！
張老師：早早早！
李太太：大年，你早！
張老師：國安在這兒等半天了。是不是取消啦？
李太太：不是，不是。是國安自己聽錯了。
李國安：媽，他們明明說是在校門口集合！
李太太：張老師，你說好校不好笑。我們家隔壁的隔壁，就是大華國中。他們說的是那個校門口。
張老師：哈哈哈哈……。
（李國安、林大年、李太太，也跟著笑了起來。）
李太太：張老師再見！（對李國安說）走，快走！
李國安：張老師再見！（提起背包，跟著母親向舞臺左側跑出。）
張老師：（提起地上的水壺）國安，國安，你的水壺，你的水壺！
林大年：老師，我來！（接過水壺，也向舞臺左側跑出。）
張老師：（注意到林大年的小越野車）大年，大年，你的越野車，你的越野車！
（張老師搖搖晃晃的騎著小越野車追過去）
張老師：（漸行漸遠，在舞臺外繼續喊叫。）大年，大年，你的越野車，你的越野車！
（音樂響起）
（閉幕）"
D111,國語,3下,89,國立編譯館,text,11,盤古開天的神話,"最初最初，我們這個世界是一團黑忽忽的水氣。巨人盤古，就在這團水氣裡，昏昏沉沉的睡覺，一睡就是幾萬年。
有一天，盤古醒過來了。他受不了那溼答答的水氣，就拿起一把大斧頭，要把那團水氣劈開。他用力一揮，那團水氣就被他劈成上下兩半。上面那一半，慢慢往上飄，就成了天。下面那一半，慢慢地往下沉，就成了地。
天越升越高，地越變越厚。盤古站在天地的中間，深深的吸一口氣，覺得好舒服。他很開心，以為從此以後就有好日子過了。他真是高興得太早了，原來那一團水氣是趕不散的。上面的水氣升得夠高了，又開始往下沉。下面的水氣沉得夠久了，又開始往上升。天和地，好像又要合在一起了。
盤古一看情形不對了，就趕緊站穩了兩條腿，牢牢的踩著地，不讓它上升；再舉高兩條手臂，用力的拖住天，不讓他往下掉。他就這樣頂天立地的苦撐著，一過又是幾萬年。
後來，天慢慢的穩定了，地也慢慢的堅硬了。盤古放下了心，知道總算可以放手了。可是盤古實在太累了。他雙退發軟，兩條手臂又酸又疼，打算躺在地上好好兒的休息休息。想不到，他因為力氣已經用盡，一躺下去就死了。
盤古死了以後，他的兩顆眼珠，一顆變成太陽，一顆變成月亮。他的身體變成山脈，身上的血變成河流。他的毛髮變成樹木，骨頭變成石頭。那時候，人類還沒有出現，但是盤古已經為我們準備好了一個生活的樂園。"
D112,國語,3下,89,國立編譯館,text,14,孫媽媽的小吃店,"在我家附近，開了許多小吃店。有賣自助餐的，有賣各類麵食的，還有賣雞肉飯的等等。說也奇怪，其中生意最好的，是一家店面不大，外表一點兒也不起眼的孫媽媽小吃店。
每到吃飯時間，客人們一波一波的湧進孫媽媽小吃店，孫媽媽總是笑咪咪的招呼著大家。她的手藝好，動作快，東西又乾淨。看到年紀大的客人，她就把味道弄得淡一些；看到年輕力壯的小伙子，就會在他們的碗裡多加些麵或飯。對我們這些小朋友，她也一點兒都不馬虎，總是叫我們把碗底的青菜吃乾淨。
有一回，我到店裡吃麵。剛點完東西，一摸口袋，才發現身上的錢不見了，我急得在每個口袋裡找。孫媽媽看見了，親切的說：「小弟弟，別急！別急！這碗麵是孫媽媽請你吃的，吃完了早點兒回去做功課。」說完她端了一碗麵給我，裡頭還加了一顆滷蛋。我激動的望著她，忘了說謝謝，只覺得那碗麵好香好香。
孫媽媽的店裡還有一樣特殊的設計，你看，入口的牆上釘了一排釘子，上面常掛著陽傘、外套、帽子、水壺等等的東西，旁邊寫著「失物招領」四個字。她想得真周到，因為客人們去吃飯，難免會丟三落四的。有了這樣的設計，如果在店裡掉了東西，只要到牆上去認領就行了。
儘管我家附近的小吃店很多，儘管孫媽媽的小吃店常要排隊，但是我還是喜歡到那兒報到。"
D113,國語,3下,89,國立編譯館,text,16,美麗的彩虹,"雨過天青，一道彩虹高高的掛在天空。好多人看見了，忍不住讚嘆：啊，多美麗的彩虹！
妹妹說：漂亮的彩虹是大自然的項鍊。
哥哥說：美妙的彩虹是仙子舞蹈的飄帶。
姊姊說：七色的彩虹是織女不小心掉下來的絲線。
爸爸說：神奇的彩虹是神仙畫家大筆一揮的傑作。
媽媽說：彎彎的彩虹是天使來到人間的橋梁。
小弟弟問：如果我們走過彩虹橋，衣服會不會也變成七個顏色呢？
陽光燦爛，彩虹的顏色越來越淡，她一截一截的不見了，她又回到了白雲的故鄉。"
D114,國語,3下,89,國立編譯館,text,18,大自然的雕刻家,"大自然有兩位神奇的雕刻藝術家，那就是風和水，他們雕刻出許多奇岩異石，為人間布置了大好風光。
臺灣的野柳海邊，每到風和日麗的假日，總有許多遊客。大家對仙女鞋、船形石等等奇岩，讚嘆不已。其中有一塊「女王頭」，最能吸引中外遊客的眼光，所有來這裡遊玩的人，都樂意和她合照。女王頭是大自然的風力雕刻出來的，側面看去，細細長長的脖子、蜂窩狀的臉面和高高的王冠，讓人印象深刻。
花蓮秀姑巒溪的長虹橋附近，兩岸壁上有不少大岩石崩落河中，經年累月受到河水不斷的沖擊，潔白如玉，傳揚著「秀姑漱玉」的美名。這些大岩石的形象奇特，有的像虎、獅、象，有的像仙、佛、人，都是大自然的水刀雕刻出來的，遠觀近看，說像什麼就像什麼，最適合人們發揮想像力了。
風和水這兩位神奇的雕刻家，天天都在創作岩石藝術，時間一久，又會有新的作品產生。而不論是舊的或新的岩石作品，都是大自然帶給人類的藝術寶藏！"